-- phpMyAdmin SQL Dump
-- version 5.2.1
-- https://www.phpmyadmin.net/
--
-- Máy chủ: 127.0.0.1
-- Thời gian đã tạo: Th3 30, 2026 lúc 12:00 PM
-- Phiên bản máy phục vụ: 10.4.32-MariaDB
-- Phiên bản PHP: 8.2.12

SET SQL_MODE = "NO_AUTO_VALUE_ON_ZERO";
START TRANSACTION;
SET time_zone = "+00:00";


/*!40101 SET @OLD_CHARACTER_SET_CLIENT=@@CHARACTER_SET_CLIENT */;
/*!40101 SET @OLD_CHARACTER_SET_RESULTS=@@CHARACTER_SET_RESULTS */;
/*!40101 SET @OLD_COLLATION_CONNECTION=@@COLLATION_CONNECTION */;
/*!40101 SET NAMES utf8mb4 */;

--
-- Cơ sở dữ liệu: `webbanoto`
--

-- --------------------------------------------------------

--
-- Cấu trúc bảng cho bảng `cart`
--

CREATE TABLE `cart` (
  `cart_id` int(11) NOT NULL,
  `user_id` int(11) NOT NULL,
  `cart_status` enum('activated','ordered','cancelled') NOT NULL DEFAULT 'activated'
) ENGINE=InnoDB DEFAULT CHARSET=utf8mb4 COLLATE=utf8mb4_general_ci;

--
-- Đang đổ dữ liệu cho bảng `cart`
--

INSERT INTO `cart` (`cart_id`, `user_id`, `cart_status`) VALUES
(11, 1, ''),
(12, 1, ''),
(13, 1, ''),
(14, 2, ''),
(15, 5, ''),
(16, 10, '');

-- --------------------------------------------------------

--
-- Cấu trúc bảng cho bảng `cart_items`
--

CREATE TABLE `cart_items` (
  `cart_item_id` int(11) NOT NULL,
  `cart_id` int(11) NOT NULL,
  `product_id` int(11) NOT NULL,
  `quantity` int(11) NOT NULL
) ENGINE=InnoDB DEFAULT CHARSET=utf8mb4 COLLATE=utf8mb4_general_ci;

--
-- Đang đổ dữ liệu cho bảng `cart_items`
--

INSERT INTO `cart_items` (`cart_item_id`, `cart_id`, `product_id`, `quantity`) VALUES
(20, 11, 38, 14),
(22, 12, 37, 1),
(23, 13, 44, 1),
(24, 13, 37, 10),
(25, 13, 67, 1),
(26, 13, 48, 8),
(27, 14, 39, 1),
(28, 15, 64, 1),
(29, 16, 61, 1);

-- --------------------------------------------------------

--
-- Cấu trúc bảng cho bảng `car_types`
--

CREATE TABLE `car_types` (
  `type_id` int(11) NOT NULL,
  `type_name` varchar(100) NOT NULL,
  `logo_url` varchar(255) DEFAULT NULL,
  `banner_url` varchar(255) DEFAULT NULL,
  `description` longtext DEFAULT NULL,
  `image_link` int(255) DEFAULT NULL
) ENGINE=InnoDB DEFAULT CHARSET=utf8mb4 COLLATE=utf8mb4_general_ci;

--
-- Đang đổ dữ liệu cho bảng `car_types`
--

INSERT INTO `car_types` (`type_id`, `type_name`, `logo_url`, `banner_url`, `description`, `image_link`) VALUES
(1, 'lamborghini', 'https://img.logo.dev/lamborghini.com?token=pk_efQT6fFtTiuK-sIsw1V88w', NULL, NULL, NULL),
(2, 'bmw', 'https://img.logo.dev/bmw.com?token=pk_efQT6fFtTiuK-sIsw1V88w', NULL, NULL, NULL),
(3, 'mazda', 'https://img.logo.dev/mazda.com?token=pk_efQT6fFtTiuK-sIsw1V88w', NULL, NULL, NULL),
(4, 'tesla', 'https://img.logo.dev/tesla.com?token=pk_efQT6fFtTiuK-sIsw1V88w', NULL, NULL, NULL),
(5, 'audi', 'https://img.logo.dev/audi.com?token=pk_efQT6fFtTiuK-sIsw1V88w', NULL, NULL, NULL),
(6, 'ferrari', 'https://img.logo.dev/ferrari.com?token=pk_efQT6fFtTiuK-sIsw1V88w', NULL, NULL, NULL),
(7, 'bugatti', 'https://img.logo.dev/bugatti.com?token=pk_efQT6fFtTiuK-sIsw1V88w', NULL, NULL, NULL),
(8, 'rolls-royce', 'https://img.logo.dev/rolls-royce.com?token=pk_efQT6fFtTiuK-sIsw1V88w', NULL, NULL, NULL);

-- --------------------------------------------------------

--
-- Cấu trúc bảng cho bảng `orders`
--

CREATE TABLE `orders` (
  `order_id` int(11) NOT NULL,
  `user_id` int(11) NOT NULL,
  `order_date` datetime DEFAULT NULL,
  `delivered_date` datetime DEFAULT NULL,
  `expected_total_amount` decimal(20,2) DEFAULT NULL,
  `VAT` decimal(20,2) DEFAULT NULL,
  `shipping_address` varchar(255) DEFAULT NULL,
  `distance` float NOT NULL DEFAULT 0,
  `shipping_fee` decimal(10,2) NOT NULL DEFAULT 0.00,
  `total_amount` decimal(20,2) DEFAULT NULL,
  `payment_method_id` int(11) DEFAULT NULL,
  `order_status` enum('is pending','is confirmed','delivered','is delivering','cancelled','initiated','completed') DEFAULT 'initiated',
  `description` longtext DEFAULT NULL,
  `shipper_info` varchar(255) DEFAULT NULL,
  `delivery_duration` int(11) GENERATED ALWAYS AS (timestampdiff(HOUR,`order_date`,`delivered_date`)) STORED
) ENGINE=InnoDB DEFAULT CHARSET=utf8mb4 COLLATE=utf8mb4_general_ci;

--
-- Đang đổ dữ liệu cho bảng `orders`
--

INSERT INTO `orders` (`order_id`, `user_id`, `order_date`, `delivered_date`, `expected_total_amount`, `VAT`, `shipping_address`, `distance`, `shipping_fee`, `total_amount`, `payment_method_id`, `order_status`, `description`, `shipper_info`) VALUES
(1, 1, '2025-04-23 09:06:31', NULL, 1718560000000.00, 171856000000.00, 'Hẻm 37 Đường C1, Quận Tân Bình, Thành phố Hồ Chí Minh', 6.8, 680000.00, 1890416680000.00, 1, 'is confirmed', NULL, NULL),
(2, 1, '2025-04-26 09:44:59', NULL, 1650000000.00, 165000000.00, 'Hẻm 37 Đường C1, Quận Tân Bình, Thành phố Hồ Chí Minh', 6.81, 681000.00, 1815681000.00, 1, 'is confirmed', NULL, NULL),
(3, 1, '2025-04-28 12:47:35', NULL, 5232000000.00, 523200000.00, 'Hẻm 37 Đường C1, Quận Tân Bình, Thành phố Hồ Chí Minh', 0, 0.00, 5755200000.00, 1, 'is delivering', NULL, NULL),
(4, 1, '2025-04-28 16:39:59', NULL, 49546000000.00, 4954600000.00, 'Hẻm 37 Đường C1, Quận Tân Bình, Thành phố Hồ Chí Minh', 6.8, 680000.00, 54501280000.00, 1, 'is pending', NULL, NULL),
(5, 1, '2025-05-08 20:34:21', NULL, 5849000000.00, 584900000.00, 'Hẻm 37 Đường C1, Quận Tân Bình, Thành phố Hồ Chí Minh', 6.81, 681000.00, 6434581000.00, 1, 'cancelled', NULL, NULL),
(6, 1, '2025-05-12 15:56:25', NULL, 184110000000.00, 18411000000.00, 'Hẻm 37 Đường C1, Quận Tân Bình, Thành phố Hồ Chí Minh', 6.81, 681000.00, 202521681000.00, 1, 'completed', NULL, NULL),
(7, 2, '2025-05-12 17:05:55', NULL, 32200000000.00, 3220000000.00, '52, Phan Đình Giót, Quận Tân Bình, Thành phố Hồ Chí Minh', 4.7, 470000.00, 35420470000.00, 1, 'is delivering', NULL, NULL),
(8, 5, '2025-05-12 17:08:14', NULL, 53000000000.00, 5300000000.00, 'Quận 1, Thành phố Hồ Chí Minh', 2.26, 226000.00, 58300226000.00, 1, 'cancelled', NULL, NULL),
(9, 10, '2025-05-12 17:11:59', NULL, 2540000000.00, 254000000.00, 'Quận 1, Thành phố Hồ Chí Min', 2.26, 226000.00, 2794226000.00, 1, 'is confirmed', NULL, NULL);

-- --------------------------------------------------------

--
-- Cấu trúc bảng cho bảng `order_details`
--

CREATE TABLE `order_details` (
  `detail_id` int(11) NOT NULL,
  `order_id` int(11) NOT NULL,
  `product_id` int(11) NOT NULL,
  `quantity` int(11) NOT NULL,
  `price` decimal(15,2) NOT NULL
) ENGINE=InnoDB DEFAULT CHARSET=utf8mb4 COLLATE=utf8mb4_general_ci;

--
-- Đang đổ dữ liệu cho bảng `order_details`
--

INSERT INTO `order_details` (`detail_id`, `order_id`, `product_id`, `quantity`, `price`) VALUES
(1, 1, 42, 4, 429640000000.00),
(2, 2, 32, 1, 1650000000.00),
(3, 3, 54, 8, 654000000.00),
(4, 4, 38, 14, 3539000000.00),
(5, 5, 37, 1, 5849000000.00),
(6, 6, 44, 1, 32660000000.00),
(7, 6, 37, 10, 5849000000.00),
(8, 6, 67, 1, 35000000000.00),
(9, 6, 48, 8, 7245000000.00),
(10, 7, 39, 1, 32200000000.00),
(11, 8, 64, 1, 53000000000.00),
(12, 9, 61, 1, 2540000000.00);

-- --------------------------------------------------------

--
-- Cấu trúc bảng cho bảng `payment_methods`
--

CREATE TABLE `payment_methods` (
  `payment_method_id` int(11) NOT NULL,
  `method_name` varchar(50) NOT NULL,
  `description` varchar(255) DEFAULT NULL
) ENGINE=InnoDB DEFAULT CHARSET=utf8mb4 COLLATE=utf8mb4_general_ci;

--
-- Đang đổ dữ liệu cho bảng `payment_methods`
--

INSERT INTO `payment_methods` (`payment_method_id`, `method_name`, `description`) VALUES
(1, 'cash', 'Thanh toán tiền mặt'),
(2, 'VISA', 'Thẻ tín dụng'),
(3, 'ATM', 'Thẻ ATM');

-- --------------------------------------------------------

--
-- Cấu trúc bảng cho bảng `products`
--

CREATE TABLE `products` (
  `product_id` int(11) NOT NULL,
  `brand_id` int(11) NOT NULL,
  `car_name` varchar(255) NOT NULL,
  `car_description` text DEFAULT NULL,
  `price` decimal(15,2) NOT NULL,
  `image_link` varchar(255) DEFAULT NULL,
  `status` enum('selling','soldout','discounting','hidden') DEFAULT 'selling',
  `sold_quantity` int(11) DEFAULT 0,
  `remain_quantity` int(11) DEFAULT 0,
  `max_speed` decimal(5,2) DEFAULT NULL,
  `color` varchar(50) DEFAULT NULL,
  `engine_name` varchar(100) NOT NULL,
  `year_manufacture` year(4) NOT NULL,
  `seat_number` tinyint(4) NOT NULL,
  `fuel_name` varchar(50) NOT NULL,
  `engine_power` decimal(10,2) DEFAULT NULL,
  `time_0_100` decimal(4,2) DEFAULT NULL,
  `location` varchar(255) NOT NULL DEFAULT 'TPHCM',
  `linkinfor` varchar(255) DEFAULT NULL,
  `fuel_capacity` varchar(255) DEFAULT NULL,
  `profit_percent` decimal(5,2) DEFAULT 0.00,
  `default_import_price` decimal(15,2) DEFAULT 0.00
) ENGINE=InnoDB DEFAULT CHARSET=utf8mb4 COLLATE=utf8mb4_general_ci;

--
-- Đang đổ dữ liệu cho bảng `products`
--

INSERT INTO `products` (`product_id`, `brand_id`, `car_name`, `car_description`, `price`, `image_link`, `status`, `sold_quantity`, `remain_quantity`, `max_speed`, `color`, `engine_name`, `year_manufacture`, `seat_number`, `fuel_name`, `engine_power`, `time_0_100`, `location`, `linkinfor`, `fuel_capacity`, `profit_percent`, `default_import_price`) VALUES
(1, 8, 'Rolls-Royce Phantom VII 2025', 'Rolls-Royce Phantom 2025 không chỉ là một phương tiện di chuyển mà còn là biểu tượng của sự xa hoa và đẳng cấp, dành cho những ai tìm kiếm trải nghiệm lái xe đỉnh cao và sự tinh tế trong từng chi tiết.\r\nNgoại thất: Thiết kế sang trọng với lưới tản nhiệt Pantheon đặc trưng và biểu tượng Spirit of Ecstasy.\r\nNội thất: Sử dụng chất liệu da cao cấp và gỗ quý, cùng với trần xe Starlight Headliner mô phỏng bầu trời sao.\r\nCửa xe: Thiết kế dạng \"coach doors\" (cửa mở ngược) với cơ chế đóng/mở bằng điện.\r\nTiện nghi: Trang bị hệ thống giải trí cao cấp, điều hòa tự động đa vùng, ghế massage và nhiều tính năng tùy chỉnh theo yêu cầu của khách hàng', 46183000000.00, 'uploads/1745340040_phantom-scintilla-private-collection-0-1-66b50a5eddd44.avif', 'selling', 0, 0, 250.00, 'Xám tungsten đậm nhất, Xanh sapphire nửa đêm, X', 'Động cơ V12 tăng áp kép 6.75L', '2025', 5, 'Xăng cao cấp', 562.00, NULL, 'TPHCM', NULL, '100L', 0.00, 0.00),
(29, 5, 'e-tron GT', 'Audi e-tron GT mang thiết kế đặc trưng của Audi nhưng với phong cách tương lai, tương tự như người anh em A7 Sportback. \r\nBộ mâm 20 inch có thiết kế chấu khí động học. \r\nXe được phát triển dựa trên nền tảng hiệu suất cao J1 Performance của Tập đoàn Volkswagen do Porsche thiết kế, chia sẻ từ người anh em Taycan.\r\n Ngay trong buổi giới thiệu ra thế giới lần đầu tiên, Audi nhấn mạnh vào hai yếu tố của e-tron GT: sự sang trọng và trải nghiệm lái thể thao.', 3950000000.00, 'uploads/1745321314_Picture1.jpg', 'soldout', 0, 0, 245.00, 'Xám Kemora, Xanh Tactical, Đen Mythos, Trắng Ibis', 'Động cơ điện', '2021', 4, 'Điện', 476.00, NULL, 'TPHCM', NULL, '93,4 kWh', 0.00, 0.00),
(30, 2, 'BMW i4', 'BMW i4 là một trong hai mẫu ô tô điện mới được BMW Trường Hải (Thaco) phân phối tại Việt Nam từ tháng 8, bên cạnh mẫu iX3. \r\nPhiên bản duy nhất eDrive40 được nhập khẩu từ Đức có giá 3,759 tỷ đồng. \r\nTrên thị trường quốc tế, i4 còn có phiên bản eDrive35 (dẫn động cầu sau giống eDrive40), xDrive40 và M50 (dẫn động bốn bánh). \r\nMẫu i4 được phát triển dựa trên nền tảng Series 4 Gran Coupé thế hệ hiện tại hoặc nền tảng Series 3. \r\nBMW sử dụng số chẵn để đặt tên cho các dòng coupe, ký hiệu \"i\" chỉ các mẫu xe điện hóa.', 3799000000.00, 'uploads/1745323785_Picture6.png', 'selling', 0, 0, 190.00, 'Trắng Alpine, Đen Sapphire, Trắng Khoáng, Brook', 'Động cơ điện', '2021', 5, 'Điện', 340.00, NULL, 'TPHCM', NULL, '83,9 kWh', 0.00, 0.00),
(31, 5, 'Q6 e-tron', 'Audi Q6 e-tron là một trong những chiếc xe có thiết kế tương lai, điểm nhấn đặc biệt từ khoang nội thất mang đến ấn tượng khó phai cho người dùng.\r\n\r\nĐối với những gia đình cần một chiếc xe rộng rãi, di chuyển êm ái, nhẹ nhàng và theo xu hướng tương lai thì xe điện Audi Q6 e-tron 2025 là lựa chọn tuyệt vời thời điểm này. \r\nKhông chỉ đáp ứng những nhu cầu trên, Audi Q6 e-tron còn sở hữu thiết kế khiến nhiều người “mê mẩn”.', 2300000000.00, 'uploads/1745323676_Picture2.png', 'selling', 0, 0, 210.00, 'Trắng Glacier, Xám Magnetic, Đỏ Solid, Mythos Bl', 'Động cơ điện', '2024', 5, 'Điện', 382.00, NULL, 'TPHCM', NULL, '100 kWh', 0.00, 0.00),
(32, 5, 'A4 Sedan', 'Mẫu sedan nhỏ nhất nhà Audi ra mắt lần đầu hồi 1994, cạnh tranh với các đối thủ như Mercedes C-class, BMW Series 3.\r\nNgoại thất: Audi A4 2025 sở hữu thiết kế hiện đại với lưới tản nhiệt khung đơn đặc trưng, đèn pha LED sắc nét và các chi tiết mạ chrome tinh tế. Phiên bản 45 TFSI quattro nổi bật với gói ngoại thất S line, mang đến vẻ thể thao và năng động hơn.\r\n\r\n\r\nNội thất: Khoang cabin được thiết kế thanh lịch với các chất liệu cao cấp như da tổng hợp và ốp nhôm bạc. Hệ thống giải trí MMI với màn hình cảm ứng 10.1 inch, cụm đồng hồ kỹ thuật số Virtual Cockpit 12.3 inch và hệ thống âm thanh Audi Sound System mang đến trải nghiệm lái xe hiện đại và tiện nghi.\r\nAudi A4 Sedan 2025 là lựa chọn lý tưởng cho những ai tìm kiếm một chiếc sedan hạng sang với thiết kế tinh tế, công nghệ hiện đại và hiệu suất vận hành mạnh mẽ. Với hai phiên bản phù hợp cho cả nhu cầu di chuyển hàng ngày và trải nghiệm lái thể thao, A4 2025 tiếp tục là đối thủ đáng gờm trong phân khúc sedan hạng sang cỡ nhỏ', 360000000.00, 'uploads/1745323709_Picture3.png', 'discounting', 0, 2, 250.00, 'Trắng Arkona, Đen Lấp Lánh, Xanh Navarra Meta', 'Động cơ xăng tăng áp 2.0L', '2025', 5, 'Xăng', 245.00, NULL, 'TPHCM', NULL, '58L', 20.00, 300000000.00),
(33, 5, 'Q3 Sportback', 'Sự xuất hiện của Audi Q3 Sportback 2024 như một luồng gió mới giữa phân khúc SUV Coupe hạng sang vốn kén khách tại Việt Nam, được kỳ vọng sẽ cạnh tranh tốt hơn với các đối thủ sừng sỏ như Mercedes-Benz GLC Coupe, BMW X2, Lexus NX hay Jaguar E-Pace. \r\nHiện nay, Audi Q3 Sportback 2024 mang đến cho người dùng 11 màu sắc ngoại thất, 4 kiểu ốp nội thất cùng gói tùy chọn S-line thể thao.', 2000000000.00, 'uploads/1745323740_Picture4.png', 'selling', 0, 0, 222.00, 'Xanh Turbo, Trắng Glacier Metallic, Xám Chronos M', 'Động cơ xăng tăng áp 2.0L', '2023', 5, 'Xăng', 188.00, NULL, 'TPHCM', NULL, '50L', 0.00, 0.00),
(34, 5, 'Q8 SUV', 'Audi Q8 là một mẫu xe SUV hạng sang cỡ lớn của thương hiệu Audi, thuộc tập đoàn Volkswagen. Nó được giới thiệu lần đầu tiên vào năm 2017, đánh dấu sự gia nhập của Audi vào phân khúc SUV coupe cao cấp, đối đầu trực tiếp với các mẫu xe như BMW X6 và Mercedes-Benz GLE Coupe. \r\nMẫu xe này được thiết kế để kết hợp sự sang trọng và thể thao của một chiếc sedan với sự tiện nghi và khả năng vận hành của một chiếc SUV.\r\n\r\nAudi Q8 được xây dựng trên nền tảng MLB Evo, nền tảng chung mà các mẫu xe hạng sang của Volkswagen Group sử dụng, bao gồm Audi Q7, Porsche Cayenne, và Volkswagen Touareg. Nền tảng này giúp Audi Q8 có thể cung cấp không gian nội thất rộng rãi và khả năng vận hành linh hoạt.', 4200000000.00, 'uploads/1745323764_Picture5.png', 'selling', 0, 0, 245.00, 'Đỏ Chili Metallic, Đen Orca Metallic, Carrara', 'Động cơ 3.0L V6 TFSI', '2024', 5, 'Xăng', 340.00, NULL, 'TPHCM', NULL, '85L', 0.00, 0.00),
(35, 2, 'BMW XM', 'BMW XM mới kết hợp vẻ ngoài ấn tượng với hiệu suất cao của BMW M và công nghệ plug-in hybrid mạnh mẽ của thế hệ mới nhất.\r\nKích thước tổng thể: 5.110 x 2.005 x 1.755 mm; chiều dài cơ sở 3.105 mm.\r\n\r\nThiết kế nổi bật: Lưới tản nhiệt hình quả thận cỡ lớn với viền màu vàng và hệ thống chiếu sáng Iconic Glow.\r\n\r\nĐèn chiếu sáng: Đèn pha Adaptive LED thiết kế hai tầng.\r\n\r\nMâm xe: Hợp kim đa chấu 22 inch.\r\n\r\nChi tiết thể thao: Ống xả kép hình ngũ giác đặt dọc và bộ khuếch tán gió sau hầm hố.\r\nHệ truyền động: Plug-in hybrid kết hợp động cơ xăng V8 4.4L tăng áp kép (483 mã lực, 650 Nm) và mô-tơ điện (194 mã lực, 280 Nm).\r\n\r\nTổng công suất: 644 mã lực, mô-men xoắn cực đại 800 Nm.\r\n\r\nHộp số & Dẫn động: Tự động 8 cấp M Steptronic, dẫn động 4 bánh xDrive.\r\n\r\n\r\n\r\nMàn hình: Màn hình cong BMW Curved Display gồm đồng hồ kỹ thuật số 12,3 inch và màn hình cảm ứng trung tâm 14,9 inch.\r\n\r\nHệ thống giải trí: Hệ điều hành iDrive 8.0, âm thanh Bowers & Wilkins Diamond 20 loa, sạc điện thoại không dây, điều hòa tự động 4 vùng.\r\n\r\nGhế ngồi: Ghế trước có chức năng sưởi, làm mát và massage; hàng ghế sau bọc da với họa tiết 3D.\r\nHệ thống hỗ trợ: Driving Assistant Professional, cảnh báo va chạm, cảnh báo chệch làn, cảnh báo điểm mù.\r\n\r\nHỗ trợ đỗ xe: Camera 360 độ, cảm biến trước/sau.\r\n\r\nHiển thị thông tin: Màn hình HUD.', 11000000000.00, 'uploads/1745323814_Picture7.png', 'discounting', 0, 0, 250.00, 'Xanh Urban, Xanh Anglesey Metallic, Petrol Mic', 'Động cơ V8 hybrid 4.4L', '2024', 5, 'Xăng', 644.00, NULL, 'TPHCM', NULL, '80L', 0.00, 0.00),
(36, 2, 'Z4 Roadster', 'Đắm mình trong sức hút khó cưỡng từ mẫu xe mui trần đến từ thương hiệu BMW. Ngôi sao đường phố BMW Z4 sở hữu vẻ đẹp nội - ngoại thất nổi bật và đầy lôi cuốn. BMW Z4 giúp bạn tận hưởng cảm giác lái ở một đẳng cấp hoàn toàn khác biệt.\r\n\r\nBMW Z4 mang đến sự cuốn hút khó cưỡng từ sự kết hợp của một chiếc xe thể thao năng động cùng một mẫu mui trần tự do, phóng khoáng. \r\nThiết kế lưới tản nhiệt hình quả thận đặc trưng của BMW Z4 kết hợp đèn sương mù và hốc gió táo bạo; mui mềm thời thượng; mâm xe hợp kim kết hợp cùng phanh thể thao M Sport, cụm đèn hậu thanh mảnh và ống xả mạ chrome... từng chi tiết kết hợp để tạo nên một tổng thể lôi cuốn, sẵn sàng trở thành người đồng hành cùng bạn tỏa sáng trên mọi hành trình.', 3139000000.00, 'uploads/1745323841_Picture8.png', 'selling', 0, 0, 250.00, 'Đỏ San Francisco, Xanh Misano, Đen Sapphire', 'Động cơ V8 hybrid 4.4L', '2024', 5, 'Xăng', 644.00, NULL, 'TPHCM', NULL, '80L', 0.00, 0.00),
(37, 2, 'BMW 740i Pure Excellence', 'BMW 740i Pure Excellence là phiên bản cao cấp trong dòng sedan hạng sang BMW 7 Series, kết hợp giữa thiết kế sang trọng và công nghệ tiên tiến.\r\nKích thước tổng thể: 5.391 x 1.950 x 1.544 mm\r\n\r\nChiều dài cơ sở: 3.215 mm\r\n\r\nLưới tản nhiệt: Hình quả thận cỡ lớn với viền mạ chrome sáng bóng\r\n\r\nĐèn pha: LED thích ứng với công nghệ BMW Laserlight, tầm chiếu xa lên tới 560m\r\n\r\nMâm xe: Hợp kim đa chấu 20 inch kiểu 906 Bicolour 3D\r\n\r\nCác chi tiết khác: Cửa hít, đèn chào mừng Welcome Light Carpet, gương chiếu hậu tích hợp đèn báo rẽ và sấy gương\r\nChất liệu: Nội thất bọc da Merino cao cấp với họa tiết thêu kim cương và chỉ khâu tương phản\r\n\r\nHệ thống giải trí: Màn hình cong BMW Curved Display gồm đồng hồ kỹ thuật số 12,3 inch và màn hình cảm ứng trung tâm 14,9 inch, hỗ trợ iDrive 8.0, Apple CarPlay không dây và điều khiển bằng cử chỉ\r\n\r\nÂm thanh: Hệ thống âm thanh vòm Bowers & Wilkins Diamond 36 loa công suất 1.400 watt\r\n\r\nTiện nghi khác: Ghế trước và sau có chức năng sưởi, làm mát và massage; hệ thống điều hòa tự động 4 vùng; cửa sổ trời Panorama Sky Lounge với 15.000 điểm sáng LED; hệ thống Ambient Air Package tạo ion khử mùi và kháng khuẩn\r\nHệ thống an toàn: Chống bó cứng phanh (ABS), hỗ trợ lực phanh khẩn cấp, phân phối lực phanh điện tử (EBD), cân bằng điện tử (ESC), hệ thống điều khiển hành trình, cảnh báo áp suất lốp, phanh tay điện tử và Auto Hold\r\n\r\nHỗ trợ lái: Hệ thống BMW Active Protection, cảm biến trước/sau, camera 360 độ, hỗ trợ đỗ xe Parking Assistant Plus, hỗ trợ lùi xe Reversing Assistant, cảnh báo người lái mất tập trung, giới hạn tốc độ, hệ thống nhắc thắt dây an toàn', 5849000000.00, 'uploads/1745323862_Picture9.png', 'selling', 0, 0, 250.00, 'Trắng Alpine, Đen Sapphire, Xám Khoáng, Crim', 'Động cơ I6 3.0L TwinPower Turbo & hybrid nhẹ', '2024', 5, 'Xăng', 286.00, NULL, 'TPHCM', NULL, '70L', 0.00, 0.00),
(38, 2, 'BMW iX3', 'Vượt xa định nghĩa đơn thuần của một chiếc xe thân thiện môi trường, BMW iX3 mới không chỉ là mẫu xe SAV thuần điện đầu tiên sở hữu những đột phá công nghệ tiên tiến hàng đầu, mà còn có khả năng vận hành đa địa hình, thể thao, khỏe khoắn, nhưng vẫn giữ được “thần thái” của sự sang trọng, đây cũng là sự đánh dấu bước chuyển mình mạnh mẽ cho giai đoạn phát triển mới của BMW\r\nThiết kế: BMW iX3 có ngoại hình tương tự X3 chạy xăng nhưng có các chi tiết nhận diện xe điện như viền logo, viền hốc đèn sương mù và cản sau sơn xanh.\r\n\r\nĐộng cơ: Xe sử dụng môtơ điện đơn gắn ở cầu sau, công suất 286 mã lực, mô-men xoắn 400 Nm.\r\n\r\nPin & phạm vi hoạt động: Bộ pin 80 kWh giúp xe di chuyển tối đa 460 km sau mỗi lần sạc đầy.\r\n\r\nNội thất: Khoang lái hướng về người lái với màn hình kỹ thuật số 12,3 inch, ghế lái thể thao có chức năng bơm lưng và điều chỉnh độ ôm.\r\n\r\nSạc điện: Xe hỗ trợ sạc nhanh DC 150 kW, có thể sạc từ 0-100% trong khoảng 7,5 giờ với dòng điện AC', 3539000000.00, 'uploads/1745323884_Picture10.png', 'selling', 0, 0, 180.00, 'Trắng Alpine, Xám Oxide, Trắng Khoáng, Sophisto', 'Động cơ điện', '2024', 5, 'Điện', 286.00, NULL, 'TPHCM', NULL, '80 kWh', 10.00, 3000000.00),
(39, 7, 'Bugatti Veyron', 'Siêu xe Bugatti Veyron là mẫu xe tiêu biểu của hãng, mẫu xe được yêu thích nhờ vào thiết kế đẹp mắt, công suất hoạt động trên cả tuyệt vời, nếu là một người yêu thích tốc độ thì Bugatti Veyron là một trong những cái tên đáng cân nhắc nhất trong phân khúc siêu xe. Mẫu xe này được đặt theo tên của tay đua người Pháp Pierre Veyron, người đã giành chiến thắng tại cuộc đua 24 Hours of Le Mans năm 1939.\r\nĐộng cơ: Bugatti Veyron được trang bị động cơ W16 8.0L, sản sinh công suất từ 736 đến 1200 mã lực.\r\n\r\nTốc độ: Xe có khả năng tăng tốc cực nhanh, đạt vận tốc tối đa lên đến 407 km/h, khiến nó trở thành một trong những siêu xe nhanh nhất thế giới.\r\n\r\nThiết kế: Ngoại thất của Veyron mang phong cách khí động học, với các đường nét bo tròn tinh tế, giúp tối ưu hóa hiệu suất vận hành.\r\n\r\nNội thất: Khoang lái được chế tác thủ công với các vật liệu cao cấp, mang đến sự sang trọng và tiện nghi', 32200000000.00, 'uploads/1745324663_Picture1.jpg', 'selling', 0, 0, 407.00, 'Màu be và nâu, trắng và đen, bạc và xanh', 'Động cơ W16 8.0L với 4 tăng áp', '2005', 2, 'Xăng', 1001.00, NULL, 'TPHCM', NULL, '100L', 0.00, 0.00),
(40, 7, 'Bugatti Chiron', 'Bugatti Chiron là một siêu xe huyền thoại được sản xuất bởi hãng xe Pháp Bugatti từ năm 2016 đến 2023. Mẫu xe này được đặt theo tên của tay đua người Pháp Louis Chiron, người đã thi đấu cho Bugatti từ năm 1928 đến 1958.\r\nĐộng cơ: Bugatti Chiron được trang bị động cơ W16 8.0L, sản sinh công suất lên đến 1500 mã lực, mạnh hơn 25% so với Bugatti Veyron.\r\n\r\nTốc độ: Xe có thể tăng tốc từ 0–100 km/h trong 2,3 giây và đạt tốc độ tối đa 460 km/h, với tốc độ thử nghiệm là 420 km/h.\r\n\r\nChế độ lái: Xe có 5 chế độ lái gồm Lift, Auto, Autobahn, Handling và Top Speed. Để kích hoạt chế độ Top Speed, tài xế cần sử dụng chìa khóa đặc biệt Speed Key.\r\n\r\nThiết kế: Ngoại thất mang phong cách khí động học với hệ số cản gió tối ưu, giúp xe đạt hiệu suất vận hành cao', 68954000000.00, 'uploads/1745325350_Picture11.png', 'selling', 0, 0, 420.00, 'Trắng, xanh, xám, đen', 'Động cơ W16 8.0L với 4 tăng áp', '2016', 2, 'Xăng cao cấp', 1500.00, NULL, 'TPHCM', NULL, '100L', 0.00, 0.00),
(41, 7, 'Bugatti Chiron Divo', 'Bugatti Chiron Divo là mẫu xe được nâng cấp từ đàn anh Bugatti Chiron. Theo hãng xe, Chiron Divo được phát triển dựa trên Chiron và nâng cao hiệu năng làm việc của xe. Đồng thời xây dựng thiết kế dựa trên ngôn ngữ mới của hãng đánh dấu sự trở lại của hãng xe siêu sang.\r\nĐộng cơ: Bugatti Chiron Divo vẫn sử dụng động cơ W16 8.0L với 4 bộ tăng áp, sản sinh công suất 1.500 mã lực.\r\n\r\nTốc độ: Xe có khả năng tăng tốc từ 0–100 km/h trong 2,4 giây, nhanh hơn 0,1 giây so với Chiron. Tuy nhiên, tốc độ tối đa bị giới hạn ở 381 km/h để tối ưu khả năng vào cua.\r\n\r\nThiết kế: Ngoại thất của Chiron Divo có các hốc hút gió lớn, cánh gió sau rộng hơn 23% so với Chiron, giúp tăng lực ép xuống mặt đường.\r\n\r\nTrọng lượng: Nhờ sử dụng nhiều sợi carbon hơn và cắt giảm lớp cách âm, Chiron Divo nhẹ hơn 35 kg so với Chiron', 133400000000.00, 'uploads/1745325489_Picture12.png', 'selling', 0, 0, 380.00, 'Trắng, xanh, xám, đen', 'Động cơ W16 8.0L quad-tăng áp', '2018', 2, 'Xăng cao cấp', 1479.00, NULL, 'TPHCM', NULL, '100L', 0.00, 0.00),
(42, 7, 'Bugatti La Voiture Noire', 'Bugatti La Voiture Noire là mẫu xe được nâng cấp từ đàn anh Bugatti Chiron. Theo hãng xe, Chiron Divo được phát triển dựa trên Chiron và nâng cao hiệu năng làm việc của xe. Đồng thời xây dựng thiết kế dựa trên ngôn ngữ mới của hãng đánh dấu sự trở lại của hãng xe siêu sang.\r\nĐộng cơ: Xe sử dụng động cơ W16 quad-turbo 8.0L, sản sinh công suất 1.500 mã lực và mô-men xoắn 1.180 Nm.\r\n\r\nTốc độ: La Voiture Noire có thể đạt tốc độ tối đa 418 km/h và tăng tốc từ 0–100 km/h trong 2,4 giây.\r\n\r\nThiết kế: Ngoại thất mang phong cách fastback tân cổ điển, với thân xe bằng sợi carbon được chế tác thủ công. Đèn pha có thiết kế độc đáo, kính chắn gió liền mạch với cửa sổ, tạo cảm giác như một tấm che trên mũ bảo hiểm2.\r\n\r\nĐuôi xe: Cụm đèn hậu kéo dài, logo Bugatti nổi bật ở trung tâm, cùng 6 ống xả, gợi nhớ đến thiết kế của Type 57 SC Atlantic.', 429640000000.00, 'uploads/1745325599_Picture9.png', 'selling', 0, 0, 418.00, 'Đen carbon bóng', 'Động cơ W16 8.0L quad-tăng áp', '2021', 2, 'Xăng cao cấp', 1500.00, NULL, 'TPHCM', NULL, '100L', 0.00, 0.00),
(43, 7, 'Bugatti Centodieci', 'Bugatti Centodieci là một siêu xe phiên bản giới hạn, được sản xuất để kỷ niệm 110 năm thành lập thương hiệu Bugatti và tri ân mẫu xe EB110 huyền thoại. \r\nĐộng cơ: Xe sử dụng động cơ W16 quad-turbo 8.0L, sản sinh công suất 1.577 mã lực và mô-men xoắn 1.600 Nm3.\r\n\r\nTốc độ: Centodieci có thể tăng tốc từ 0–100 km/h trong 2,4 giây, với tốc độ tối đa 380 km/h (giới hạn điện tử)3.\r\n\r\nThiết kế: Ngoại thất mang phong cách Bauhaus, với các đường nét góc cạnh hơn so với Chiron, lấy cảm hứng từ Bugatti EB 1103.\r\n\r\n', 207000000000.00, 'uploads/1745325713_Picture10.png', 'selling', 0, 0, 380.00, 'Xanh, trắng', 'Động cơ W16 8.0L twin-tăng áp', '2021', 2, 'Xăng cao cấp', 1578.00, NULL, 'TPHCM', NULL, '100L', 0.00, 0.00),
(44, 6, 'Ferrari LaFerrari', 'Ferrari LaFerrari thuộc nhóm những mẫu siêu xe “không phải có tiền là có thể sở hữu”. Bởi chỉ có khoảng 500 chiếc trên thế giới và LaFerrari chỉ dành riêng cho giới siêu giàu.\r\nFerrari LaFerrari là siêu xe hybrid sản xuất giới hạn, đánh dấu bước đầu tiên của Ferrari trong công nghệ hybrid. Ra mắt tại Triển lãm ô tô Geneva 2013, chỉ có 499 chiếc được sản xuất từ năm 2013 đến năm 2016.\r\nĐộng cơ: LaFerrari sử dụng động cơ V12 6.3L, sản sinh công suất 789 mã lực, kết hợp với một động cơ điện 161 mã lực, nâng tổng công suất lên 950 mã lực.\r\n\r\nTốc độ: Xe có thể tăng tốc từ 0–100 km/h trong dưới 3 giây, với tốc độ tối đa khoảng 346 km/h.\r\n\r\nThiết kế: Ngoại thất mang phong cách khí động học với các cánh gió linh hoạt, giúp tối ưu hóa luồng không khí và hiệu suất vận hành.\r\n\r\nKhung xe: LaFerrari được chế tạo từ sợi carbon, giúp giảm trọng lượng và tăng độ cứng vững.\r\n\r\nCông nghệ: Xe được trang bị hệ thống KERS (Kinetic Energy Recovery System), giúp tái tạo năng lượng từ quá trình phanh và tăng hiệu suất.\r\n', 32660000000.00, 'uploads/1745325889_Picture11.png', 'selling', 0, 0, 350.00, 'Đỏ Corsa, Vàng Modena, Trắng Avus', 'Động cơ V12 6.3L kết hợp với động cơ điện 120 kW', '2013', 2, 'Xăng', 963.00, NULL, 'TPHCM', NULL, '85L', 0.00, 0.00),
(45, 6, 'Ferrari Roma', 'Ferrari Roma là một mẫu GT (Grand Touring) coupe 2+2 động cơ đặt giữa ra mắt vào năm 2019. Tên gọi của mẫu xe thể thao này được đặt nhằm tôn vinh thủ đô Rome của Ý.\r\nĐộng cơ: Ferrari Roma sử dụng động cơ V8 3.9L Twin-Turbo, sản sinh công suất 612 mã lực và mô-men xoắn 761 Nm.\r\n\r\nTốc độ: Xe có khả năng tăng tốc từ 0–100 km/h trong 3,4 giây, với tốc độ tối đa 320 km/h.\r\n\r\nThiết kế: Ngoại thất mang phong cách fastback coupé, với đầu xe dài, đuôi xe thấp, tạo cảm giác thanh thoát và khí động học.\r\n\r\nNội thất: Ferrari Roma có thiết kế 2+2 chỗ ngồi, với khoang lái hiện đại, màn hình trung tâm lớn và vô-lăng thể thao.\r\n\r\nHộp số: Xe được trang bị hộp số ly hợp kép 8 cấp, giúp tối ưu hóa khả năng vận hành.\r\n\r\nFerrari Roma sở hữu diện mạo dễ làm người ta liên tưởng với “huyền thoại” Ferrari Maranello thu hút với form dáng thon dài uyển chuyển của những năm 1990.', 5175000000.00, 'uploads/1745325925_Picture12.png', 'discounting', 0, 0, 320.00, 'Trắng, xanh, xám, đen', 'Động cơ V8 3.9L twin-tăng áp', '2019', 2, 'Xăng', 620.00, NULL, 'TPHCM', NULL, '80L', 0.00, 0.00),
(46, 6, 'Ferrari Portofino', 'Ferrari Portofino là một mẫu GT mui trần 2+2, kế thừa Ferrari California, ra mắt vào năm 2017.\r\n\r\nSo với “người tiền nhiệm”, Ferrari Portofino sở hữu diện mạo hoàn toàn mới, sắc sảo và góc cạnh hơn. Từ lưới tản nhiệt đến cụm đèn pha LED đều phảng phất bóng dáng GTC4Lusso. Cũng như các mẫu xe mui trần khác của Ferrari, Portofino sử dụng mui cứng có thể đóng/mở chỉ trong 14 giây ở dải vận tốc dưới 45 km/h.', 4922000000.00, 'uploads/1745325963_Picture14.png', 'selling', 0, 0, 320.00, 'Trắng, xanh, xám, đen', 'Động cơ V8 3.9L twin-tăng áp', '2017', 2, 'Xăng', 592.00, NULL, 'TPHCM', NULL, '80L', 0.00, 0.00),
(47, 6, 'Ferrari F12 Berlinetta', 'Ferrari F12 Berlinetta tạo ấn tượng với giới đam mê siêu xe bởi lần bỏ xa Lamborghini Aventador trong một cuộc thử nghiệm.\r\n Siêu xe F12 Berlinetta sử dụng động cơ V12, 6.3L cho công suất tối đa 730 mã lực tại 8.250 vòng/phút, mô men xoắn tối đa 690 Nm tại 6.000 vòng/phút. \r\nHộp số sử dụng loại hộp số 7 cấp ly hợp kép DCT.\r\n\r\nXe cho khả năng tăng tốc từ 0 đến 100 Km/h trong 3,1 giây. \r\nVận tốc tối đa Ferrari F12 Berlinetta đạt được là 340 Km/h.\r\n F12 Berlinetta bám đường cực tốt khi di chuyển vào cua.', 7452000000.00, 'uploads/1745325987_Picture15.png', 'selling', 0, 0, 340.00, 'Màu be và nâu, trắng và đen, bạc và xanh', 'Động cơ V12 6.3L hút khí tự nhiên', '2012', 2, 'Xăng', 740.00, NULL, 'TPHCM', NULL, '92L', 0.00, 0.00),
(48, 6, 'Ferrari 812 Superfast', 'Ferrari 812 Superfast chính thức ra mắt vào năm 2017, đây là một mẫu siêu xe được xem là sự kế thừa của F12 Berlinetta. \r\nThiết kế của 812 Superfast lấy nhiều cảm hứng từ F12 Berlinetta. \r\nĐèn pha LED dấu mốc đẹp mắt, bên cạnh còn có thêm hốc hút gió nhỏ. \r\nLưới tản nhiệt dạng lưới một khoang mở rộng. \r\nHông xe sử dụng đường dập gân kiểu mới.\r\n\r\nĐuôi xe Ferrari 812 Superfast cũng có nhiều chi tiết mới mẻ.\r\n Cụm đèn hậu kiểu đôi tối màu thay cho đèn tròn đơn. Phần viền cùng cánh gió trên nhô cao hơn. \r\nBộ cản sau và cụm ống xả đôi thiết kế hầm hố hơn.', 7245000000.00, 'uploads/1745326047_Picture16.png', 'selling', 0, 0, 340.00, 'Trắng, xanh, xám, đen', 'Động cơ V12 6.5L hút khí tự nhiên', '2017', 2, 'Xăng', 800.00, NULL, 'TPHCM', NULL, '92L', 0.00, 0.00),
(49, 1, 'Lamborghini Huracan Tecnica', 'Trong tiếng Tây Ban Nha, Huracan còn mang ý nghĩa là “cơn bão”. Mẫu siêu xe này không làm thất vọng nhà sản xuất khi đạt doanh số 14.022 chiếc chỉ trong 5 năm đầu tiên sau khi ra mắt. \r\nĐược sản xuất dựa trên chiếc Evo RWD, nhưng bổ sung loạt trang bị thường thấy trên những chiếc Huracan cao cấp.\r\nĐộng cơ: Xe sử dụng động cơ V10 5.2L hút khí tự nhiên, sản sinh công suất 640 mã lực và mô-men xoắn 565 Nm.\r\n\r\nTốc độ: Huracan Tecnica có thể tăng tốc từ 0–100 km/h trong 3,2 giây, với tốc độ tối đa 325 km/h.\r\n\r\nThiết kế: Ngoại thất được tinh chỉnh với cản trước hình chữ Ypsilon, lấy cảm hứng từ Huracan Super Trofeo EVO2, giúp cải thiện khí động học.\r\n\r\nHệ thống lái: Xe được trang bị hệ thống LDVI (Lamborghini Dinamica Veicolo Integrata), giúp tối ưu hóa khả năng vận hành.\r\n\r\nTrọng lượng: Nhẹ hơn 10 kg so với Huracan EVO, nhưng vẫn nặng hơn 40 kg so với Huracan STO.\r\n\r\n', 19000000000.00, 'uploads/1745326360_download.jfif', 'selling', 0, 0, 325.00, 'Trắng, xanh, xám, đen', 'Động cơ V10 5.2L hút khí tự nhiên', '2022', 2, 'Xăng', 631.00, NULL, 'TPHCM', NULL, '80L', 0.00, 0.00),
(50, 1, 'Lamborghini Urus', 'Lamborghini Urus 2025 có đầy đủ những phẩm chất ưu việt của một chiếc siêu xe hàng đầu. Nhưng nhiều người vẫn cho rằng các mẫu siêu SUV không phải là thế mạnh của Lamborghini và Urus 2025 sẽ bị lép vế trước những mẫu xe gầm thấp đã làm nên tên tuổi của thương hiệu. Câu trả lời cho điều này có lẽ phụ thuộc vào mỗi người. Lamborghini Urus 2025 được đánh giá là đối thủ phải khiến cho Bentley Bentayga, Porsche Cayenne hay Rolls-Royce Cullinan phải e sợ.\r\nĐộng cơ: Urus sử dụng động cơ V8 twin-turbo 4.0L, sản sinh công suất 650 mã lực và mô-men xoắn 850 Nm.\r\n\r\nTốc độ: Xe có thể tăng tốc từ 0–100 km/h trong 3,6 giây, với tốc độ tối đa 305 km/h.\r\n\r\nThiết kế: Ngoại thất mang phong cách hầm hố, góc cạnh, lấy cảm hứng từ Aventador và Huracan.\r\n\r\nNội thất: Khoang lái sang trọng với màn hình kỹ thuật số, hệ thống âm thanh cao cấp và các tùy chọn cá nhân hóa.\r\n\r\nHệ thống treo: Urus được trang bị hệ thống treo khí nén, giúp xe vận hành êm ái trên nhiều loại địa hình', 13000000000.00, 'uploads/1745326414_download (1).jfif', 'selling', 0, 0, 305.00, 'Màu be và nâu, trắng và đen, bạc và xanh', 'Động cơ V8 4.0L twin-tăng áp', '2018', 5, 'Xăng', 641.00, NULL, 'TPHCM', NULL, '85L', 0.00, 0.00),
(51, 1, 'Lamborghini Huracan EVO', 'Lamborghini Huracan Evo 2025 không hề lép vế so với hai người anh em chung nhà là Lamborghini Aventador SVJ và Lamborghini Urus. Ngay từ khi xuất hiện tại triển lãm Bangkok Motor Show 2019, Lamborghini Huracan Evo 2025 đã thu hút rất nhiều những nhân vật đại gia mê xe. Chiếc siêu xe này hứa hẹn sẽ là đối thủ đáng gờm của những tên tuổi như Ferrari 488 Pista, McLaren 720S và Porsche GT2 RS.\r\nĐộng cơ: Huracan EVO sử dụng động cơ V10 5.2L hút khí tự nhiên, sản sinh công suất 640 mã lực và mô-men xoắn 600 Nm.\r\n\r\nTốc độ: Xe có thể tăng tốc từ 0–100 km/h trong 2,9 giây, với tốc độ tối đa 325 km/h.\r\n\r\nHệ thống lái: Được trang bị hệ thống LDVI (Lamborghini Dinamica Veicolo Integrata), giúp tối ưu hóa khả năng vận hành.\r\n\r\nThiết kế: Ngoại thất mang phong cách khí động học với cản trước sắc nét, cánh gió sau lớn và hệ thống khuếch tán gió tối ưu.\r\n\r\nNội thất: Khoang lái hiện đại với màn hình cảm ứng trung tâm 8,4 inch, vô-lăng thể thao và các tùy chọn cá nhân hóa.', 1100000.00, 'uploads/1745326464_download (2).jfif', 'selling', 0, 3, 325.00, 'Đỏ Mars, Cam Borealis, Đỏ Cadens Matt', 'Động cơ V10 5.2L hút khí tự nhiên', '2019', 2, 'Xăng', 631.00, NULL, 'TPHCM', NULL, '80L', 10.00, 1000000.00),
(52, 1, 'Lamborghini Huracan STO', 'Một siêu xe thể thao được tạo ra với mục đích duy nhất, Huracán STO mang đến tất cả cảm giác và công nghệ của một chiếc xe đua thực thụ trong một mẫu xe hợp pháp trên đường phố.\r\nĐộng cơ: Xe sử dụng động cơ V10 5.2L hút khí tự nhiên, sản sinh công suất 640 mã lực và mô-men xoắn 565 Nm.\r\n\r\nTốc độ: Huracan STO có thể tăng tốc từ 0–100 km/h trong 3 giây, với tốc độ tối đa 310 km/h.\r\n\r\nThiết kế: Ngoại thất mang phong cách khí động học với cánh gió lớn, hốc hút gió trên nóc và phần thân xe chế tạo từ 75% sợi carbon, giúp giảm trọng lượng.\r\n\r\nHệ thống lái: Xe được trang bị hệ dẫn động cầu sau, tích hợp hệ thống lái bánh sau và phanh CCMR lấy cảm hứng từ công nghệ của Công thức 1.\r\n\r\nChế độ lái: Huracan STO có 3 chế độ lái gồm STO (đường phố), Trofeo (đua tốc độ) và Pioggia (điều kiện thời tiết ẩm ướt)\r\n\r\nKiến thức chuyên môn về xe đua thể thao nhiều năm của Lamborghini, được tăng cường bởi di sản chiến thắng, được tập trung vào Huracán STO mới. Khí động học cực đỉnh, động lực xử lý được mài giũa trên đường đua, nội dung nhẹ và động cơ V10 hiệu suất cao nhất cho đến nay kết hợp với nhau, sẵn sàng khơi dậy mọi cảm xúc của đường đua trong cuộc sống hàng ngày của bạn.', 29000000000.00, 'uploads/1745326505_download.jfif', 'selling', 0, 0, 310.00, 'Xanh và cam', 'Động cơ V10 5.2L hút khí tự nhiên', '2021', 2, 'Xăng', 631.00, NULL, 'TPHCM', NULL, '80L', 0.00, 0.00),
(53, 1, 'Lamborghini Huracan Performante', 'Huracán Performante đã làm lại khái niệm về siêu xe thể thao và đưa khái niệm về hiệu suất lên một tầm cao chưa từng thấy trước đây. \r\nChiếc xe đã được thiết kế lại toàn bộ, về trọng lượng, công suất động cơ, khung gầm và trên hết là bằng cách giới thiệu một hệ thống khí động học chủ động tiên tiến: ALA. Việc sử dụng Forged Composites® đã được trao giải thưởng, một vật liệu sợi carbon rèn có thể định hình được cấp bằng sáng chế của Automobili Lamborghini, là một điểm nhấn thực sự tuyệt vời và góp phần làm cho chiếc xe thậm chí còn nhẹ hơn về trọng lượng. Bên cạnh các đặc tính công nghệ phi thường của nó, nó còn truyền tải một ý tưởng mới về vẻ đẹp.\r\nĐộng cơ: Xe sử dụng động cơ V10 5.2L hút khí tự nhiên, sản sinh công suất 640 mã lực và mô-men xoắn 600 Nm.\r\n\r\nTốc độ: Huracan Performante có thể tăng tốc từ 0–100 km/h trong 2,9 giây, với tốc độ tối đa 351 km/h.\r\n\r\nHệ thống khí động học: Xe được trang bị công nghệ ALA (Aerodinamica Lamborghini Attiva), giúp điều chỉnh luồng khí để tối ưu hóa lực ép xuống mặt đường.\r\n\r\nThiết kế: Ngoại thất mang phong cách thể thao với cánh gió lớn, hốc hút gió mở rộng và sử dụng vật liệu Forged Composites®, giúp giảm trọng lượng.\r\n\r\nNội thất: Khoang lái được chế tạo từ sợi carbon, ghế thể thao và bọc Alcantara cao cấp.', 22000000000.00, 'uploads/1745326542_images.jfif', 'selling', 0, 0, 310.00, 'Đỏ Corsa, Vàng Modena, Trắng Avus', 'Động cơ V10 5.2L hút khí tự nhiên', '2021', 2, 'Xăng', 631.00, NULL, 'TPHCM', NULL, '80L', 0.00, 0.00),
(54, 3, 'MAZDA CX-3', 'MAZDA CX-3 – Lựa chọn mới trong phân khúc SUV đô thị. Mẫu xe là sự kết hợp cân bằng giữa phong cách thiết năng động của mẫu xe SUV và trải nghiệm lái thú vị, linh hoạt của một chiếc Sedan. Sự kết hợp thú vị này sẽ mang đến nét riêng đặc trưng thể hiện cá tính và phong cách tự tin của người sở hữu.\r\nThiết kế: Mazda CX-3 sử dụng ngôn ngữ thiết kế KODO, lấy cảm hứng từ hình dáng chuyển động của loài báo Cheetah, mang đến vẻ ngoài mạnh mẽ và uyển chuyển.\r\n\r\nĐộng cơ: Xe được trang bị động cơ SkyActiv-G 1.5L, sản sinh công suất 110 mã lực và mô-men xoắn 144 Nm.\r\n\r\nHộp số: Sử dụng hộp số tự động 6 cấp, giúp xe vận hành mượt mà và tiết kiệm nhiên liệu.\r\n\r\nNội thất: Không gian nội thất tinh giản, tập trung vào người lái, với màn hình cảm ứng 7 inch, hỗ trợ Apple CarPlay & Android Auto.\r\n\r\nCông nghệ an toàn: Mazda CX-3 được trang bị hệ thống an toàn i-Activsense, bao gồm cảnh báo điểm mù, hỗ trợ phanh khẩn cấp và kiểm soát hành trình.', 654000000.00, 'uploads/1745326574_download (1).jfif', 'discounting', 0, 0, 190.00, 'Trắng Snowflake Pearl Mica, Đen Jet Mica, Machin', 'Động cơ xăng thẳng hàng 4 xi-lanh SkyActiv-G 2.0L', '2015', 5, 'Xăng', 146.00, NULL, 'TPHCM', NULL, '48L', 0.00, 0.00),
(55, 3, 'Mazda3', 'Mazda3 lấy cảm hứng từ mẫu concept nổi tiếng Vision Coupe – Mẫu xe Concept đẹp nhất thế giới năm 2018. Mazda3 được thiết kế phong cách & quyến rũ với các đường nét thanh thoát và sang trọng, khẳng định vẻ đẹp chuẩn mực vượt thời gian.\r\nThiết kế: Mazda3 sử dụng ngôn ngữ thiết kế KODO, mang đến vẻ ngoài thanh thoát, hiện đại và đầy quyến rũ.\r\n\r\nĐộng cơ: Xe được trang bị động cơ SkyActiv-G 1.5L hoặc 2.0L, sản sinh công suất tối đa 153 mã lực và mô-men xoắn 200 Nm.\r\n\r\nCông nghệ lái: Mazda3 tích hợp hệ thống G-Vectoring Control Plus (GVC Plus), giúp xe vào cua mượt mà và ổn định hơn.\r\n\r\nNội thất: Khoang lái được thiết kế theo triết lý Human Centric, tập trung vào trải nghiệm người lái với màn hình trung tâm, vô-lăng thể thao và các vật liệu cao cấp.\r\n\r\nCông nghệ an toàn: Xe được trang bị hệ thống i-Activsense, bao gồm cảnh báo điểm mù, kiểm soát làn đường và hỗ trợ phanh khẩn cấp.', 669000000.00, 'uploads/1745326604_download (2).jfif', 'selling', 0, 0, 210.00, 'Trắng Arctic, Đen Jet, Xám Polymetal, Ceramic', 'Động cơ xăng thẳng hàng 4 xi-lanh SkyActiv-G 2.0L', '2003', 5, 'Xăng', 155.00, NULL, 'TPHCM', NULL, '50L', 0.00, 0.00),
(56, 3, 'Mazda6', 'MAZDA6 – PHONG CÁCH VÀ LỊCH LÃM; Vẻ đẹp thực thụ trong thiết kế không đơn thuần là việc thoả mãn yếu tố thẩm mỹ mà còn khơi gợi hứng khởi hành động trong mỗi người.\r\nThiết kế: Mazda6 sử dụng ngôn ngữ thiết kế KODO, mang đến vẻ ngoài thanh lịch, hiện đại và đầy quyến rũ.\r\n\r\nĐộng cơ: Xe có hai tùy chọn động cơ SkyActiv-G 2.0L (154 mã lực, 200 Nm) và SkyActiv-G 2.5L (188 mã lực, 252 Nm).\r\n\r\nCông nghệ lái: Mazda6 tích hợp hệ thống G-Vectoring Control Plus (GVC Plus), giúp xe vào cua mượt mà và ổn định hơn.\r\n\r\nNội thất: Khoang lái được thiết kế theo triết lý Human Centric, tập trung vào trải nghiệm người lái với màn hình trung tâm, vô-lăng thể thao và các vật liệu cao cấp.\r\n\r\nCông nghệ an toàn: Xe được trang bị hệ thống i-Activsense, bao gồm cảnh báo điểm mù, kiểm soát làn đường và hỗ trợ phanh khẩn cấp', 1140000000.00, 'uploads/1745801060_download (4).jfif', 'selling', 0, 0, 210.00, 'Trắng Snowflake Pearl Mica, Đen Jet Mica, Alum', '2.5L SkyActiv-G inline-4 động cơ xăng', '2002', 5, 'Xăng', 184.00, NULL, 'TPHCM', NULL, '62L', 0.00, 0.00),
(57, 3, 'MAZDA CX-30', 'Hãy tận hưởng trải nghiệm lái hoàn hảo từ triết lý \"Jinba Ittai\" – Nhân Mã Hợp Nhất. Với Mazda CX-30, mỗi chuyến đi đều trở thành kỷ niệm khó quên.\r\n\r\nKhông gian nội thất hiện đại, rộng rãi. Mọi chi tiết được hoàn thiện bởi các bậc thầy nghệ nhân thủ công Takumi, trên nền tảng triết lý Human Centric – lấy con người làm trung tâm; để bạn luôn thư giãn và tận hưởng niềm vui lái xe, từ vị trí chân ga, tựa đầu và lưng cho đến các nút điều khiển được bố trí dễ dàng thao tác.\r\n\r\nNgôn ngữ thiết kế Kodo thế hệ 7G thổi hồn vào những chiếc xe tạo cảm giác sống động. Mazda CX-30 – mẫu crossover linh hoạt và năng động, chinh phục mọi ánh nhìn với thiết kế đậm chất Âu sang trọng.', 749000000.00, 'uploads/1745326658_download (4).jfif', 'selling', 0, 0, 190.00, 'Trắng Arctic, Đen Jet, Xám Polymetal, Ceramic', 'Động cơ xăng thẳng hàng 4 xi-lanh SkyActiv-G 2.0L', '2019', 5, 'Xăng', 153.00, NULL, 'TPHCM', NULL, '51L', 0.00, 0.00),
(58, 3, 'Mazda2 Sport', 'Chậm rãi \"Nhìn\", \"Chạm\" và \"Cảm nhận\" hơi thở sành điệu, tự tin trong thiết kế KODO của mẫu xe thế hệ mới. Mẫu xe hướng bạn đến hình mẫu mà bạn khao khát.\r\nThiết kế: Mazda2 Sport sử dụng ngôn ngữ thiết kế KODO, với lưới tản nhiệt lớn, cụm đèn LED sắc nét và đường nét thể thao.\r\n\r\nĐộng cơ: Xe được trang bị động cơ SkyActiv-G 1.5L, sản sinh công suất 110 mã lực và mô-men xoắn 144 Nm.\r\n\r\nHộp số: Sử dụng hộp số tự động 6 cấp, giúp xe vận hành mượt mà và tiết kiệm nhiên liệu.\r\n\r\nNội thất: Không gian nội thất rộng rãi, với màn hình trung tâm, vô-lăng bọc da và hệ thống điều hòa hiện đại.\r\n\r\nCông nghệ an toàn: Mazda2 Sport được trang bị hệ thống an toàn i-Activsense, bao gồm cảnh báo điểm mù, hỗ trợ phanh khẩn cấp và kiểm soát hành trình.', 619000000.00, 'uploads/1745326688_download (5).jfif', 'selling', 0, 0, 190.00, 'Trắng Snowflake Pearl Mica, Đen Jet Mica, Machin', 'Động cơ xăng thẳng hàng 4 xi-lanh SkyActiv-G 1.5L', '2014', 5, 'Xăng', 110.00, NULL, 'TPHCM', NULL, '44L', 0.00, 0.00),
(59, 4, 'Tesla Cybertruck', '\r\nTesla Cybertruck là xe bán tải chạy hoàn toàn bằng điện được Tesla, Inc. giới thiệu vào tháng 11 năm 2019, sản xuất bắt đầu vào tháng 11 năm 2023\r\nĐộng cơ: Cybertruck có nhiều phiên bản, trong đó phiên bản Cyberbeast mạnh nhất sở hữu công suất 845 mã lực, tăng tốc từ 0–100 km/h trong 2,6 giây.\r\n\r\nPhạm vi hoạt động: Xe có thể di chuyển hơn 500 km sau mỗi lần sạc đầy.\r\n\r\nKhả năng kéo: Cybertruck có thể kéo hơn 14.000 lbs (khoảng 6.350 kg), phù hợp cho các nhu cầu vận chuyển nặng.\r\n\r\nThiết kế: Thân xe được làm từ thép không gỉ cán nguội siêu cứng, mang lại độ bền cao và khả năng chống va đập.\r\n\r\nNội thất: Khoang lái tối giản với màn hình cảm ứng 17 inch, vô-lăng vát phẳng và cửa sổ trời toàn cảnh.', 2555000000.00, 'uploads/1745326726_download (6).jfif', 'hidden', 0, 0, 290.00, 'Trắng, xanh, xám, đen', 'Động cơ điện Monitor', '2023', 5, 'Điện', 845.00, NULL, 'TPHCM', NULL, '100 kWh', 0.00, 0.00),
(60, 4, 'Tesla Semi', 'Tesla Semi là xe tải chạy hoàn toàn bằng điện Class 8 do Tesla, Inc. phát triển, được thiết kế để cách mạng hóa ngành vận tải hàng hóa và hậu cần với công nghệ tiên tiến và không phát thải.\r\n Lần đầu ra mắt vào năm 2017 và bắt đầu sản xuất năm 2022, Tesla Semi kết hợp hiệu suất cao với tính bền vững, cung cấp phạm vi hoạt động ấn tượng, khả năng tăng tốc nhanh và chi phí vận hành thấp.', 10375000000.00, 'uploads/1745326784_download (7).jfif', 'selling', 0, 0, 190.00, 'Trắng, xanh, xám, đen', 'Ba động cơ điện độc lập', '2022', 1, 'Điện', 999.00, NULL, 'TPHCM', NULL, '100 kWh', 0.00, 0.00),
(61, 4, 'Tesla Model X', 'Tesla Model X là một chiếc SUV chạy hoàn toàn bằng điện hạng sang kết hợp hiệu suất cao, công nghệ tiên tiến và thiết kế mang tính tương lai.\r\n Ra mắt lần đầu tiên vào năm 2015, xe được biết đến với cửa sau cánh chim ưng đặc trưng, nội thất rộng rãi và các tính năng hỗ trợ người lái tiên tiến.', 2540000000.00, 'uploads/1745326816_download (8).jfif', 'selling', 0, 0, 262.00, 'Trắng ngọc trai đa lớp, đen trơn, bạc Midnight', 'Hệ truyền động điện 2 hoặc 3 mô-tơ dẫn động bốn bánh', '2015', 6, 'Điện', 999.00, NULL, 'TPHCM', NULL, '100 kWh', 0.00, 0.00),
(62, 4, 'Tesla Model S', 'Tesla Model S là một chiếc xe sang chạy hoàn toàn bằng điện hiệu suất cao đã định nghĩa lại những gì xe điện có thể làm. \r\nRa mắt vào năm 2012, mẫu xe này kết hợp thiết kế đẹp mắt, công nghệ tiên tiến và phạm vi hoạt động ấn tượng, khiến nó trở thành một trong những chiếc xe điện tiên tiến nhất trên thị trường.', 2415000000.00, 'uploads/1745326851_download (9).jfif', 'selling', 0, 0, 322.00, 'Trắng ngọc trai đa lớp, đen trơn, bạc Midnight', 'Hệ truyền động điện 2 hoặc 3 mô-tơ dẫn động bốn bánh', '2012', 5, 'Điện', 999.00, NULL, 'TPHCM', NULL, '100 kWh', 0.00, 0.00),
(63, 4, 'Tesla Model Y', 'Tesla Model Y là một chiếc SUV cỡ trung chạy hoàn toàn bằng điện kết hợp hiệu suất, an toàn và tiện ích. \r\nRa mắt vào năm 2020, xe có không gian lưu trữ rộng rãi, chỗ ngồi cho tối đa năm hành khách và các tính năng an toàn tiên tiến.', 1334500000.00, 'uploads/1745326888_download (10).jfif', 'selling', 0, 0, 250.00, 'Trắng ngọc trai đa lớp, đen trơn, bạc Midnight', 'Hệ dẫn động bốn bánh 2 mô-tơ', '2020', 5, 'Điện', 455.00, NULL, 'TPHCM', NULL, '83,9 кWh', 0.00, 0.00),
(64, 8, 'Rolls-Royce Cullinan 2025', 'Rolls-Royce Cullinan 2025: SUV siêu sang đầu tiên của Rolls-Royce, kết hợp đỉnh cao tiện nghi và khả năng off-road nhẹ nhàng.\r\nĐộng cơ: Xe sử dụng động cơ V12 tăng áp kép 6.75L, sản sinh công suất 563 mã lực và mô-men xoắn 850 Nm.\r\n\r\nTốc độ: Cullinan 2025 có thể tăng tốc từ 0–100 km/h trong 5,2 giây, với tốc độ tối đa 250 km/h.\r\n\r\nThiết kế: Ngoại thất mang phong cách quý tộc, với lưới tản nhiệt Pantheon đặc trưng, biểu tượng Spirit of Ecstasy và thân xe vuông vức, mạnh mẽ.\r\n\r\nNội thất: Khoang lái xa xỉ với chất liệu da cao cấp, gỗ quý và kim loại chế tác tinh xảo. Hệ thống giải trí hiện đại với màn hình trung tâm lớn và âm thanh cao cấp.\r\n\r\nHệ thống treo: Xe được trang bị hệ thống treo khí nén thông minh, giúp nâng/hạ gầm tự động tùy điều kiện đường.', 53000000000.00, 'uploads/1745375391_download.jfif', 'selling', 0, 0, 250.00, 'Đen Black Badge, Bạc Silvershade', 'Động cơ V12 tăng áp kép 6.75L', '2025', 5, 'Xăng cao cấp', 571.00, 5.00, 'TPHCM', NULL, '100L', 0.00, 0.00),
(65, 5, 'Audi A6 55 TFSI quattro 2025', 'Audi A6 2025 phiên bản 55 TFSI quattro – sedan hạng E với công nghệ mild-hybrid và hệ dẫn động bốn bánh toàn thời gian.\r\nĐộng cơ: Xe sử dụng động cơ V6 3.0L TFSI, sản sinh công suất 340 mã lực và mô-men xoắn 500 Nm.\r\n\r\nHệ dẫn động: Hệ dẫn động quattro AWD, giúp xe vận hành ổn định trên nhiều loại địa hình.\r\n\r\nTốc độ: Audi A6 55 TFSI quattro có thể tăng tốc từ 0–100 km/h trong 5,1 giây, với tốc độ tối đa 250 km/h.\r\n\r\nThiết kế: Ngoại thất được tinh chỉnh với lưới tản nhiệt Singleframe họa tiết tổ ong, đèn LED matrix thông minh và mâm xe mới.\r\n\r\nNội thất: Khoang lái sang trọng với màn hình Audi Virtual Cockpit Plus 12,3 inch, kết hợp với cặp màn hình cảm ứng 10,1 inch và 8,6 inch hỗ trợ Apple CarPlay & Android Auto.\r\n\r\nCông nghệ an toàn: Xe được trang bị hệ thống hỗ trợ lái tiên tiến, bao gồm cảnh báo điểm mù, kiểm soát hành trình thích ứng và hỗ trợ phanh khẩn cấp.', 5000000000.00, 'uploads/1745375436_download (1).jfif', 'selling', 0, 0, 250.00, 'Trắng Glacier White, Đen Mythos', 'Động cơ xăng tăng áp 3.0L V6 TFSI', '2025', 5, 'Xăng', 340.00, 5.10, 'TPHCM', NULL, '58L', 0.00, 0.00),
(66, 2, 'BMW X5 xDrive40i 2025', 'BMW X5 2025 bản xDrive40i – SUV cỡ trung hạng sang, động cơ I6 tăng áp, nội thất rộng rãi, nhiều công nghệ hỗ trợ lái.\r\nĐộng cơ: Xe sử dụng động cơ I6 3.0L TwinPower Turbo Mild Hybrid, sản sinh công suất 381 mã lực và mô-men xoắn 520 Nm.\r\n\r\nHộp số: Trang bị hộp số tự động 8 cấp Steptronic, giúp xe vận hành mượt mà và tiết kiệm nhiên liệu.\r\n\r\nHệ dẫn động: Hệ dẫn động xDrive AWD, mang lại khả năng bám đường tốt và ổn định trên nhiều loại địa hình.\r\n\r\nTốc độ: BMW X5 xDrive40i 2025 có thể tăng tốc từ 0–100 km/h trong 5,4 giây.\r\n\r\nThiết kế: Ngoại thất được tinh chỉnh với lưới tản nhiệt Icon Glow, đèn LED matrix thông minh và mâm xe hợp kim 20 inch.\r\n\r\nNội thất: Khoang lái sang trọng với màn hình BMW Curved Display, hệ thống thông tin giải trí iDrive 8.0, ghế bọc da Merino cao cấp.', 4500000000.00, 'uploads/1745375490_download (2).jfif', 'selling', 0, 0, 250.00, 'Trắng Alpine White, Đen Sapphire', 'Động cơ I6 3.0L TwinPower Turbo', '2025', 5, 'Xăng', 340.00, 5.50, 'TPHCM', NULL, '83L', 0.00, 0.00),
(67, 6, 'Ferrari SF90 Stradale', 'Ferrari SF90 Stradale – siêu xe hybrid sạc ngoài đầu tiên của Ferrari, động cơ V8 kết hợp 3 mô-tơ điện, tổng công suất 1.000+ mã lực.\r\nĐộng cơ: Xe sử dụng động cơ V8 4.0L tăng áp kép, sản sinh công suất 769 mã lực, kết hợp với 3 mô-tơ điện bổ sung 217 mã lực, nâng tổng công suất lên 986 mã lực.\r\n\r\nTốc độ: SF90 Stradale có thể tăng tốc từ 0–100 km/h trong 2,5 giây, từ 0–200 km/h trong 6,7 giây, với tốc độ tối đa 340 km/h.\r\n\r\nChế độ lái: Xe có 4 chế độ lái gồm eDrive (chạy hoàn toàn bằng điện), Hybrid (kết hợp động cơ xăng và điện), Performance (ưu tiên động cơ xăng) và Qualify (tối đa hóa hiệu suất cả hai loại động cơ).\r\n\r\nThiết kế: Ngoại thất mang phong cách khí động học với các đường nét sắc sảo, lấy cảm hứng từ LaFerrari, F8 Tributo và 488 GTB.', 35000000000.00, 'uploads/1745375549_download (3).jfif', 'selling', 0, 0, 340.00, 'Đỏ Corsa, Đen Carbon', 'Động cơ V8 4.0L hybrid plug-in', '2021', 2, 'Xăng cao cấp', 1000.00, 2.50, 'TPHCM', NULL, '60L', 0.00, 0.00),
(68, 4, 'Tesla Model 3 2025', 'Tesla Model 3 facelift 2025 – sedan điện cỡ nhỏ phổ thông, cập nhật thiết kế, phạm vi lên đến 580 km cho phiên bản Long Range.\r\nĐộng cơ & Pin: Xe được trang bị khối pin lithium-ion 50 kWh, công suất 283 mã lực, mô-men xoắn 375 Nm. Phạm vi hoạt động tăng lên 554–678 km tùy phiên bản.\r\n\r\nTốc độ & Sạc: Model 3 2025 có thể tăng tốc từ 0–100 km/h trong 5,3 giây. Sử dụng nguồn sạc tại nhà 240V, xe mất khoảng 8 giờ để sạc đầy pin. Với trạm Supercharger 400V, thời gian sạc đầy chỉ khoảng 50 phút.\r\n\r\nThiết kế: Ngoại thất được tinh chỉnh với phần đầu xe sắc sảo hơn, đèn LED thanh mảnh và hệ số cản gió chỉ 0.23, giúp xe vận hành hiệu quả hơn.\r\n\r\nNội thất: Khoang lái được nâng cấp với vật liệu cách âm tốt hơn, vô-lăng thiết kế lại, ghế ngồi bọc vải đục lỗ có thông gió. Hành khách phía sau có màn hình 8 inch riêng để điều chỉnh điều hòa hoặc xem Netflix.\r\n\r\nCông nghệ tự lái: Tesla Model 3 2025 được nâng cấp với các tính năng như tự động chuyển làn, đỗ xe tự động và hỗ trợ lái trên đường cao tốc.', 1400000000.00, 'uploads/1745375641_images.jfif', 'selling', 0, 0, 261.00, 'Trắng Pearl White, Đen Midnight', 'Dual Motor điện', '2025', 5, 'Điện', 450.00, 5.30, 'TPHCM', NULL, '75 kWh', 0.00, 0.00);

-- --------------------------------------------------------

--
-- Cấu trúc bảng cho bảng `product_images`
--

CREATE TABLE `product_images` (
  `image_id` int(11) NOT NULL,
  `product_id` int(11) NOT NULL,
  `image_url` varchar(255) NOT NULL,
  `sort_order` int(11) DEFAULT 0,
  `created_at` datetime DEFAULT current_timestamp()
) ENGINE=InnoDB DEFAULT CHARSET=utf8mb4 COLLATE=utf8mb4_general_ci;

--
-- Đang đổ dữ liệu cho bảng `product_images`
--

INSERT INTO `product_images` (`image_id`, `product_id`, `image_url`, `sort_order`, `created_at`) VALUES
(5, 49, 'uploads/1745917197_49_0_Picture1.png', 0, '2025-04-29 15:59:57'),
(6, 49, 'uploads/1745917197_49_1_Picture2.png', 1, '2025-04-29 15:59:57'),
(7, 49, 'uploads/1745917197_49_2_Picture3.png', 2, '2025-04-29 15:59:57'),
(8, 49, 'uploads/1745917198_49_3_Picture4.png', 3, '2025-04-29 15:59:58'),
(9, 49, 'uploads/1745917198_49_4_Picture5.png', 4, '2025-04-29 15:59:58'),
(10, 50, 'uploads/1745917537_50_0_Picture6.png', 0, '2025-04-29 16:05:37'),
(11, 50, 'uploads/1745917537_50_1_Picture7.png', 1, '2025-04-29 16:05:37'),
(12, 50, 'uploads/1745917537_50_2_Picture8.png', 2, '2025-04-29 16:05:37'),
(13, 50, 'uploads/1745917537_50_3_Picture9.png', 3, '2025-04-29 16:05:37'),
(14, 50, 'uploads/1745917537_50_4_Picture10.png', 4, '2025-04-29 16:05:37'),
(15, 51, 'uploads/1745917723_51_0_Picture11.png', 0, '2025-04-29 16:08:43'),
(16, 51, 'uploads/1745917723_51_1_Picture12.png', 1, '2025-04-29 16:08:43'),
(17, 51, 'uploads/1745917723_51_2_Picture13.png', 2, '2025-04-29 16:08:43'),
(18, 51, 'uploads/1745917723_51_3_Picture14.png', 3, '2025-04-29 16:08:43'),
(19, 51, 'uploads/1745917723_51_4_Picture15.png', 4, '2025-04-29 16:08:43'),
(20, 52, 'uploads/1745917822_52_0_Picture16.png', 0, '2025-04-29 16:10:22'),
(21, 52, 'uploads/1745917822_52_1_Picture17.png', 1, '2025-04-29 16:10:22'),
(22, 52, 'uploads/1745917822_52_2_Picture18.png', 2, '2025-04-29 16:10:22'),
(23, 52, 'uploads/1745917822_52_3_Picture19.png', 3, '2025-04-29 16:10:22'),
(24, 52, 'uploads/1745917822_52_4_Picture20.png', 4, '2025-04-29 16:10:22'),
(25, 53, 'uploads/1745918029_53_0_Picture21.png', 0, '2025-04-29 16:13:49'),
(26, 53, 'uploads/1745918029_53_1_Picture22.png', 1, '2025-04-29 16:13:49'),
(27, 53, 'uploads/1745918029_53_2_Picture23.png', 2, '2025-04-29 16:13:49'),
(28, 53, 'uploads/1745918029_53_3_Picture24.png', 3, '2025-04-29 16:13:49'),
(29, 53, 'uploads/1745918029_53_4_Picture25.png', 4, '2025-04-29 16:13:49'),
(30, 54, 'uploads/1745918165_54_0_Picture26.png', 0, '2025-04-29 16:16:05'),
(31, 54, 'uploads/1745918165_54_1_Picture27.png', 1, '2025-04-29 16:16:05'),
(32, 54, 'uploads/1745918165_54_2_Picture28.png', 2, '2025-04-29 16:16:05'),
(33, 54, 'uploads/1745918165_54_3_Picture29.png', 3, '2025-04-29 16:16:05'),
(34, 54, 'uploads/1745918165_54_4_Picture30.png', 4, '2025-04-29 16:16:05'),
(35, 56, 'uploads/1745918287_56_0_Picture31.png', 0, '2025-04-29 16:18:07'),
(36, 56, 'uploads/1745918287_56_1_Picture32.png', 1, '2025-04-29 16:18:07'),
(37, 56, 'uploads/1745918287_56_2_Picture33.png', 2, '2025-04-29 16:18:08'),
(38, 56, 'uploads/1745918288_56_3_Picture34.png', 3, '2025-04-29 16:18:08'),
(39, 56, 'uploads/1745918288_56_4_Picture35.png', 4, '2025-04-29 16:18:08'),
(40, 57, 'uploads/1745918395_57_0_Picture36.png', 0, '2025-04-29 16:19:55'),
(41, 57, 'uploads/1745918395_57_1_Picture37.png', 1, '2025-04-29 16:19:55'),
(42, 57, 'uploads/1745918395_57_2_Picture38.png', 2, '2025-04-29 16:19:55'),
(43, 57, 'uploads/1745918395_57_3_Picture39.png', 3, '2025-04-29 16:19:55'),
(44, 57, 'uploads/1745918395_57_4_Picture40.png', 4, '2025-04-29 16:19:55'),
(45, 58, 'uploads/1745918665_58_0_md2-sp-e1721975867804.webp', 0, '2025-04-29 16:24:25'),
(46, 58, 'uploads/1745918665_58_1_Picture41.png', 1, '2025-04-29 16:24:25'),
(47, 58, 'uploads/1745918665_58_2_Picture42.png', 2, '2025-04-29 16:24:25'),
(48, 58, 'uploads/1745918665_58_3_Picture43.png', 3, '2025-04-29 16:24:25'),
(49, 58, 'uploads/1745918665_58_4_Picture44.png', 4, '2025-04-29 16:24:25'),
(50, 59, 'uploads/1745918812_59_0_Picture46.png', 0, '2025-04-29 16:26:52'),
(51, 59, 'uploads/1745918812_59_1_Picture47.png', 1, '2025-04-29 16:26:52'),
(52, 59, 'uploads/1745918812_59_2_Picture48.png', 2, '2025-04-29 16:26:52'),
(53, 59, 'uploads/1745918812_59_3_Picture49.png', 3, '2025-04-29 16:26:52'),
(54, 59, 'uploads/1745918812_59_4_Picture50.png', 4, '2025-04-29 16:26:52'),
(55, 60, 'uploads/1745919296_60_0_Picture50.png', 0, '2025-04-29 16:34:56'),
(56, 60, 'uploads/1745919296_60_1_Picture51.png', 1, '2025-04-29 16:34:56'),
(57, 60, 'uploads/1745919296_60_2_Picture52.png', 2, '2025-04-29 16:34:56'),
(58, 60, 'uploads/1745919296_60_3_Picture53.png', 3, '2025-04-29 16:34:56'),
(59, 60, 'uploads/1745919296_60_4_Picture54.png', 4, '2025-04-29 16:34:56'),
(60, 61, 'uploads/1745919438_61_0_Picture55.png', 0, '2025-04-29 16:37:18'),
(61, 61, 'uploads/1745919438_61_1_Picture56.png', 1, '2025-04-29 16:37:18'),
(62, 61, 'uploads/1745919438_61_2_Picture57.png', 2, '2025-04-29 16:37:18'),
(63, 61, 'uploads/1745919438_61_3_Picture58.png', 3, '2025-04-29 16:37:18'),
(64, 61, 'uploads/1745919438_61_4_Picture59.png', 4, '2025-04-29 16:37:18'),
(65, 62, 'uploads/1745919515_62_0_Picture60.png', 0, '2025-04-29 16:38:35'),
(66, 62, 'uploads/1745919515_62_1_Picture61.png', 1, '2025-04-29 16:38:35'),
(67, 62, 'uploads/1745919515_62_2_Picture62.png', 2, '2025-04-29 16:38:35'),
(68, 62, 'uploads/1745919515_62_3_Picture63.png', 3, '2025-04-29 16:38:35'),
(69, 62, 'uploads/1745919515_62_4_Picture64.png', 4, '2025-04-29 16:38:35'),
(70, 63, 'uploads/1745919584_63_0_Picture65.png', 0, '2025-04-29 16:39:44'),
(71, 63, 'uploads/1745919584_63_1_Picture66.png', 1, '2025-04-29 16:39:44'),
(72, 63, 'uploads/1745919584_63_2_Picture67.png', 2, '2025-04-29 16:39:44'),
(73, 63, 'uploads/1745919584_63_3_Picture68.png', 3, '2025-04-29 16:39:44'),
(74, 63, 'uploads/1745919584_63_4_Picture69.png', 4, '2025-04-29 16:39:44'),
(76, 29, 'uploads/1745993463_29_1_Picture2.png', 1, '2025-04-30 13:11:03'),
(77, 29, 'uploads/1745993463_29_2_Picture3.png', 2, '2025-04-30 13:11:03'),
(78, 29, 'uploads/1745993463_29_3_Picture4.png', 3, '2025-04-30 13:11:03'),
(79, 29, 'uploads/1745993463_29_4_Picture5.png', 4, '2025-04-30 13:11:03'),
(81, 31, 'uploads/1745993738_31_1_Picture7.png', 1, '2025-04-30 13:15:38'),
(82, 31, 'uploads/1745993738_31_2_Picture8.png', 2, '2025-04-30 13:15:38'),
(83, 31, 'uploads/1745993738_31_3_Picture9.png', 3, '2025-04-30 13:15:38'),
(84, 31, 'uploads/1745993738_31_4_Picture10.png', 4, '2025-04-30 13:15:38'),
(85, 32, 'uploads/1745993852_32_0_Picture12.png', 0, '2025-04-30 13:17:32'),
(86, 32, 'uploads/1745993852_32_1_Picture13.png', 1, '2025-04-30 13:17:32'),
(87, 32, 'uploads/1745993852_32_2_Picture14.png', 2, '2025-04-30 13:17:32'),
(88, 32, 'uploads/1745993852_32_3_Picture15.png', 3, '2025-04-30 13:17:32'),
(89, 33, 'uploads/1745993914_33_0_Picture17.png', 0, '2025-04-30 13:18:34'),
(90, 33, 'uploads/1745993914_33_1_Picture18.png', 1, '2025-04-30 13:18:34'),
(91, 33, 'uploads/1745993914_33_2_Picture19.png', 2, '2025-04-30 13:18:34'),
(92, 33, 'uploads/1745993914_33_3_Picture20.png', 3, '2025-04-30 13:18:34'),
(93, 34, 'uploads/1745994066_34_0_Picture22.png', 0, '2025-04-30 13:21:06'),
(94, 34, 'uploads/1745994066_34_1_Picture23.png', 1, '2025-04-30 13:21:06'),
(95, 34, 'uploads/1745994066_34_2_Picture24.png', 2, '2025-04-30 13:21:06'),
(96, 34, 'uploads/1745994066_34_3_Picture25.png', 3, '2025-04-30 13:21:06'),
(97, 30, 'uploads/1745994128_30_0_Picture27.png', 0, '2025-04-30 13:22:08'),
(98, 30, 'uploads/1745994128_30_1_Picture28.png', 1, '2025-04-30 13:22:08'),
(99, 30, 'uploads/1745994128_30_2_Picture29.png', 2, '2025-04-30 13:22:08'),
(100, 30, 'uploads/1745994128_30_3_Picture30.png', 3, '2025-04-30 13:22:08'),
(101, 35, 'uploads/1745994179_35_0_Picture32.png', 0, '2025-04-30 13:22:59'),
(102, 35, 'uploads/1745994179_35_1_Picture33.png', 1, '2025-04-30 13:22:59'),
(103, 35, 'uploads/1745994179_35_2_Picture34.png', 2, '2025-04-30 13:22:59'),
(104, 35, 'uploads/1745994179_35_3_Picture35.png', 3, '2025-04-30 13:22:59'),
(105, 36, 'uploads/1745994253_36_0_Picture37.png', 0, '2025-04-30 13:24:13'),
(106, 36, 'uploads/1745994253_36_1_Picture38.png', 1, '2025-04-30 13:24:13'),
(107, 36, 'uploads/1745994253_36_2_Picture39.png', 2, '2025-04-30 13:24:13'),
(108, 36, 'uploads/1745994253_36_3_Picture40.png', 3, '2025-04-30 13:24:13'),
(109, 37, 'uploads/1745994295_37_0_Picture42.png', 0, '2025-04-30 13:24:55'),
(110, 37, 'uploads/1745994295_37_1_Picture43.png', 1, '2025-04-30 13:24:55'),
(111, 37, 'uploads/1745994295_37_2_Picture44.png', 2, '2025-04-30 13:24:55'),
(112, 37, 'uploads/1745994295_37_3_Picture45.png', 3, '2025-04-30 13:24:55'),
(113, 38, 'uploads/1745994354_38_0_Picture47.png', 0, '2025-04-30 13:25:54'),
(114, 38, 'uploads/1745994354_38_1_Picture48.png', 1, '2025-04-30 13:25:54'),
(115, 38, 'uploads/1745994354_38_2_Picture49.png', 2, '2025-04-30 13:25:54'),
(116, 38, 'uploads/1745994354_38_3_Picture50.png', 3, '2025-04-30 13:25:54'),
(117, 39, 'uploads/1745995001_39_0_Picture1.png', 0, '2025-04-30 13:36:41'),
(118, 39, 'uploads/1745995001_39_1_Picture2.png', 1, '2025-04-30 13:36:41'),
(119, 39, 'uploads/1745995001_39_2_Picture3.png', 2, '2025-04-30 13:36:41'),
(120, 39, 'uploads/1745995001_39_3_Picture4.png', 3, '2025-04-30 13:36:41'),
(121, 39, 'uploads/1745995001_39_4_Picture5.png', 4, '2025-04-30 13:36:41'),
(122, 40, 'uploads/1745995097_40_0_Picture7.png', 0, '2025-04-30 13:38:17'),
(123, 40, 'uploads/1745995097_40_1_Picture8.png', 1, '2025-04-30 13:38:17'),
(124, 40, 'uploads/1745995097_40_2_Picture9.png', 2, '2025-04-30 13:38:17'),
(125, 40, 'uploads/1745995097_40_3_Picture10.png', 3, '2025-04-30 13:38:17'),
(126, 40, 'uploads/1745995242_40_0_Picture11.png', 0, '2025-04-30 13:40:42'),
(127, 41, 'uploads/1745995315_41_0_Picture12.png', 0, '2025-04-30 13:41:55'),
(128, 41, 'uploads/1745995315_41_1_Picture13.png', 1, '2025-04-30 13:41:55'),
(129, 41, 'uploads/1745995315_41_2_Picture14.png', 2, '2025-04-30 13:41:55'),
(130, 41, 'uploads/1745995315_41_3_Picture15.png', 3, '2025-04-30 13:41:55'),
(131, 42, 'uploads/1745995377_42_0_Picture17.png', 0, '2025-04-30 13:42:57'),
(132, 42, 'uploads/1745995377_42_1_Picture18.png', 1, '2025-04-30 13:42:57'),
(133, 42, 'uploads/1745995377_42_2_Picture19.png', 2, '2025-04-30 13:42:57'),
(134, 42, 'uploads/1745995377_42_3_Picture20.png', 3, '2025-04-30 13:42:57'),
(135, 43, 'uploads/1745995487_43_0_Picture21.png', 0, '2025-04-30 13:44:47'),
(136, 43, 'uploads/1745995487_43_1_Picture22.png', 1, '2025-04-30 13:44:47'),
(137, 43, 'uploads/1745995487_43_2_Picture23.png', 2, '2025-04-30 13:44:47'),
(138, 43, 'uploads/1745995487_43_3_Picture24.png', 3, '2025-04-30 13:44:47'),
(139, 44, 'uploads/1745995523_44_0_Picture25.png', 0, '2025-04-30 13:45:23'),
(140, 44, 'uploads/1745995523_44_1_Picture26.png', 1, '2025-04-30 13:45:23'),
(141, 44, 'uploads/1745995523_44_2_Picture27.png', 2, '2025-04-30 13:45:23'),
(142, 44, 'uploads/1745995523_44_3_Picture28.png', 3, '2025-04-30 13:45:23'),
(143, 45, 'uploads/1745995564_45_0_Picture29.png', 0, '2025-04-30 13:46:04'),
(144, 45, 'uploads/1745995564_45_1_Picture30.png', 1, '2025-04-30 13:46:04'),
(145, 45, 'uploads/1745995564_45_2_Picture31.png', 2, '2025-04-30 13:46:04'),
(146, 45, 'uploads/1745995565_45_3_Picture32.png', 3, '2025-04-30 13:46:05'),
(147, 46, 'uploads/1745995665_46_0_Picture33.png', 0, '2025-04-30 13:47:45'),
(148, 46, 'uploads/1745995665_46_1_Picture34.png', 1, '2025-04-30 13:47:45'),
(149, 46, 'uploads/1745995665_46_2_Picture35.png', 2, '2025-04-30 13:47:45'),
(150, 46, 'uploads/1745995665_46_3_Picture36.png', 3, '2025-04-30 13:47:45'),
(151, 47, 'uploads/1745995745_47_0_Picture37.png', 0, '2025-04-30 13:49:05'),
(152, 47, 'uploads/1745995745_47_1_Picture38.png', 1, '2025-04-30 13:49:05'),
(153, 47, 'uploads/1745995745_47_2_Picture39.png', 2, '2025-04-30 13:49:05'),
(154, 47, 'uploads/1745995745_47_3_Picture40.png', 3, '2025-04-30 13:49:05'),
(155, 48, 'uploads/1745995813_48_0_Picture41.png', 0, '2025-04-30 13:50:13'),
(156, 48, 'uploads/1745995813_48_1_Picture42.png', 1, '2025-04-30 13:50:13'),
(157, 48, 'uploads/1745995813_48_2_Picture43.png', 2, '2025-04-30 13:50:14'),
(158, 48, 'uploads/1745995814_48_3_Picture44.png', 3, '2025-04-30 13:50:14'),
(159, 55, 'uploads/1745996076_55_0_download (1).jpg', 0, '2025-04-30 13:54:36'),
(160, 55, 'uploads/1745996076_55_1_download (3).jpg', 1, '2025-04-30 13:54:36'),
(161, 55, 'uploads/1745996076_55_2_images (1).jpg', 2, '2025-04-30 13:54:36'),
(162, 55, 'uploads/1745996076_55_3_images.jpg', 3, '2025-04-30 13:54:36'),
(163, 55, 'uploads/1745996076_55_4_Mazda32020VnE993047211573621051jpg-1631963909.webp', 4, '2025-04-30 13:54:36'),
(164, 68, 'uploads/1746768614_68_0_download (1).jfif', 0, '2025-05-09 12:30:14'),
(165, 68, 'uploads/1746768614_68_1_download (2).jfif', 1, '2025-05-09 12:30:14'),
(166, 68, 'uploads/1746768614_68_2_download (3).jfif', 2, '2025-05-09 12:30:14'),
(167, 68, 'uploads/1746768614_68_3_download.jfif', 3, '2025-05-09 12:30:14'),
(168, 1, 'uploads/1747041004_1_0_download (10).jfif', 0, '2025-05-12 16:10:04'),
(169, 1, 'uploads/1747041004_1_1_download (9).jfif', 1, '2025-05-12 16:10:04'),
(170, 1, 'uploads/1747041004_1_2_download (8).jfif', 2, '2025-05-12 16:10:04'),
(171, 1, 'uploads/1747041004_1_3_download (7).jfif', 3, '2025-05-12 16:10:04'),
(172, 1, 'uploads/1747041004_1_4_download (6).jfif', 4, '2025-05-12 16:10:04'),
(173, 1, 'uploads/1747041004_1_5_download (5).jfif', 5, '2025-05-12 16:10:04'),
(174, 64, 'uploads/1747043303_64_0_images (1).jfif', 0, '2025-05-12 16:48:23'),
(175, 64, 'uploads/1747043303_64_1_download (14).jfif', 1, '2025-05-12 16:48:23'),
(176, 64, 'uploads/1747043303_64_2_download (13).jfif', 2, '2025-05-12 16:48:23'),
(177, 64, 'uploads/1747043303_64_3_download (12).jfif', 3, '2025-05-12 16:48:23'),
(178, 64, 'uploads/1747043303_64_4_download (11).jfif', 4, '2025-05-12 16:48:23'),
(179, 65, 'uploads/1747043479_65_0_images (3).jfif', 0, '2025-05-12 16:51:19'),
(180, 65, 'uploads/1747043479_65_1_images (2).jfif', 1, '2025-05-12 16:51:19'),
(181, 65, 'uploads/1747043479_65_2_download (17).jfif', 2, '2025-05-12 16:51:19'),
(182, 65, 'uploads/1747043479_65_3_download (16).jfif', 3, '2025-05-12 16:51:19'),
(183, 65, 'uploads/1747043479_65_4_download (15).jfif', 4, '2025-05-12 16:51:19'),
(184, 66, 'uploads/1747043654_66_0_download (21).jfif', 0, '2025-05-12 16:54:14'),
(185, 66, 'uploads/1747043654_66_1_download (20).jfif', 1, '2025-05-12 16:54:14'),
(186, 66, 'uploads/1747043654_66_2_download (19).jfif', 2, '2025-05-12 16:54:14'),
(187, 66, 'uploads/1747043654_66_3_download (18).jfif', 3, '2025-05-12 16:54:14'),
(215, 67, 'uploads/1747044061_67_0_images (6).jfif', 0, '2025-05-12 17:01:02'),
(216, 67, 'uploads/1747044062_67_1_images (5).jfif', 1, '2025-05-12 17:01:02'),
(217, 67, 'uploads/1747044062_67_2_images (4).jfif', 2, '2025-05-12 17:01:02'),
(218, 67, 'uploads/1747044062_67_3_download (25).jfif', 3, '2025-05-12 17:01:02'),
(219, 67, 'uploads/1747044062_67_4_download (24).jfif', 4, '2025-05-12 17:01:02'),
(220, 67, 'uploads/1747044062_67_5_download (23).jfif', 5, '2025-05-12 17:01:02'),
(221, 67, 'uploads/1747044062_67_6_download (22).jfif', 6, '2025-05-12 17:01:02');

-- --------------------------------------------------------

--
-- Cấu trúc bảng cho bảng `purchase_orders`
--

CREATE TABLE `purchase_orders` (
  `purchase_id` int(11) NOT NULL,
  `supplier_id` int(11) DEFAULT NULL,
  `created_by` int(11) DEFAULT NULL,
  `purchase_code` varchar(50) NOT NULL,
  `purchase_date` date NOT NULL,
  `status` enum('draft','completed') DEFAULT 'draft',
  `note` text DEFAULT NULL,
  `total_amount` decimal(15,2) DEFAULT 0.00,
  `created_at` timestamp NOT NULL DEFAULT current_timestamp()
) ENGINE=InnoDB DEFAULT CHARSET=utf8mb4 COLLATE=utf8mb4_general_ci;

--
-- Đang đổ dữ liệu cho bảng `purchase_orders`
--

INSERT INTO `purchase_orders` (`purchase_id`, `supplier_id`, `created_by`, `purchase_code`, `purchase_date`, `status`, `note`, `total_amount`, `created_at`) VALUES
(1, 3, NULL, 'PN001', '2026-03-28', 'completed', 'phiếu nhập test làn 2', 603000000.00, '2026-03-28 03:44:32'),
(2, 1, NULL, 'Pn004', '2026-03-28', 'draft', 'hdahlfkjslk', 6000000.00, '2026-03-28 12:15:32');

-- --------------------------------------------------------

--
-- Cấu trúc bảng cho bảng `purchase_order_items`
--

CREATE TABLE `purchase_order_items` (
  `item_id` int(11) NOT NULL,
  `purchase_id` int(11) NOT NULL,
  `product_id` int(11) NOT NULL,
  `quantity` int(11) NOT NULL,
  `import_price` decimal(15,2) NOT NULL,
  `profit_percent` decimal(5,2) DEFAULT 0.00,
  `selling_price` decimal(15,2) DEFAULT 0.00
) ENGINE=InnoDB DEFAULT CHARSET=utf8mb4 COLLATE=utf8mb4_general_ci;

--
-- Đang đổ dữ liệu cho bảng `purchase_order_items`
--

INSERT INTO `purchase_order_items` (`item_id`, `purchase_id`, `product_id`, `quantity`, `import_price`, `profit_percent`, `selling_price`) VALUES
(2, 1, 32, 2, 300000000.00, 10.00, 330000000.00),
(3, 1, 51, 3, 1000000.00, 10.00, 1100000.00),
(4, 2, 38, 2, 3000000.00, 10.00, 3300000.00);

-- --------------------------------------------------------

--
-- Cấu trúc bảng cho bảng `suppliers`
--

CREATE TABLE `suppliers` (
  `supplier_id` int(11) NOT NULL,
  `supplier_name` varchar(255) NOT NULL,
  `phone` varchar(20) DEFAULT NULL,
  `email` varchar(100) DEFAULT NULL,
  `address` text DEFAULT NULL,
  `created_at` timestamp NOT NULL DEFAULT current_timestamp()
) ENGINE=InnoDB DEFAULT CHARSET=utf8mb4 COLLATE=utf8mb4_general_ci;

--
-- Đang đổ dữ liệu cho bảng `suppliers`
--

INSERT INTO `suppliers` (`supplier_id`, `supplier_name`, `phone`, `email`, `address`, `created_at`) VALUES
(1, 'Công ty Auto Parts VN', '0901234567', 'autoparts@gmail.com', 'TP.HCM', '2026-03-28 03:42:44'),
(2, 'Showroom Xe Đức', '0912345678', 'xeduc@gmail.com', 'Hà Nội', '2026-03-28 03:42:44'),
(3, 'Garage Premium', '0987654321', 'garagepremium@gmail.com', 'Đà Nẵng', '2026-03-28 03:42:44');

-- --------------------------------------------------------

--
-- Cấu trúc bảng cho bảng `users_acc`
--

CREATE TABLE `users_acc` (
  `id` int(11) NOT NULL,
  `username` varchar(100) NOT NULL,
  `password` char(255) NOT NULL,
  `status` enum('activated','disabled','banned') NOT NULL,
  `register_date` datetime NOT NULL DEFAULT current_timestamp(),
  `phone_num` varchar(20) NOT NULL,
  `email` varchar(255) NOT NULL,
  `role` enum('user','admin') NOT NULL DEFAULT 'user',
  `address` varchar(255) DEFAULT NULL,
  `full_name` varchar(255) DEFAULT NULL
) ENGINE=InnoDB DEFAULT CHARSET=utf8mb4 COLLATE=utf8mb4_general_ci;

--
-- Đang đổ dữ liệu cho bảng `users_acc`
--

INSERT INTO `users_acc` (`id`, `username`, `password`, `status`, `register_date`, `phone_num`, `email`, `role`, `address`, `full_name`) VALUES
(1, 'huy', 'huy', 'activated', '2025-03-02 15:10:59', '0989987678', 'huy702069@gmail.com', 'admin', 'Hẻm 37 Đường C1, Quận Tân Bình, Thành phố Hồ Chí Minh', 'Nguyễn Sĩ Huy'),
(2, 'd', '11111', 'activated', '2025-03-10 14:09:16', '0987653234', 'd@sgu.edu.vn', 'user', '52, Phan Đình Giót, Quận Tân Bình, Thành phố Hồ Chí Minh', 'dsdasds'),
(3, 'nguyen', '$2y$10$Nj9Iczysfc3I.fyfPHE9mO0GzdIgliugI6xErXyNHjVrBh1jwtRWa', 'banned', '2025-03-12 10:50:59', '908786', 'nguyensihuynsh711@gmail.com', 'user', 'vvbb', 'nhghgh'),
(4, 'g', '$2y$10$R8ilPnnU8H4X5t9v8SsdVuIGSaE/Ex6cgTzuvZKTFQzwgcBXtsFkW', 'disabled', '2025-03-12 10:57:53', '3234324534', 'f@gmail.com', 'admin', 'g', 'g'),
(5, 'fd', 'fd', 'activated', '2025-03-12 11:03:44', '0987698732', 'fd@concek', 'user', 'Quận 1, Thành phố Hồ Chí Minh', 'huy'),
(7, '2312', '3213', 'activated', '2025-03-12 11:09:09', '0913313556', '32131@23123', 'user', 'Hẻm 3 Cao Lỗ, Quận 8, Thành phố Hồ Chí Minh', '3123'),
(8, '123213', '2323', 'activated', '2025-03-12 11:17:38', '3213232131232', '1232@12', 'user', '12321', '123321'),
(9, 'nguy', 'nguy', 'activated', '2025-03-21 11:46:45', '0987214453', 'nguyensihuynsh711@gmail.com', 'user', 'Hẻm 3 Cao Lỗ, Quận 8, Thành phố Hồ Chí Minh', 'gfg'),
(10, 'ng', 'ng', 'activated', '2025-03-28 09:33:55', '0834234242', 'nguyensihuynsh711@gmail.com', 'user', 'Quận 1, Thành phố Hồ Chí Min', 'sadads'),
(13, 'diễm trân', '111', 'activated', '2025-04-29 10:45:32', '0924754221', 'tranle5438@gmail.com', 'admin', 'Hồ Chí Minh', 'Diễm Trân');

--
-- Chỉ mục cho các bảng đã đổ
--

--
-- Chỉ mục cho bảng `cart`
--
ALTER TABLE `cart`
  ADD PRIMARY KEY (`cart_id`),
  ADD KEY `fk_cart_user` (`user_id`);

--
-- Chỉ mục cho bảng `cart_items`
--
ALTER TABLE `cart_items`
  ADD PRIMARY KEY (`cart_item_id`),
  ADD KEY `cart_id` (`cart_id`),
  ADD KEY `product_id` (`product_id`);

--
-- Chỉ mục cho bảng `car_types`
--
ALTER TABLE `car_types`
  ADD PRIMARY KEY (`type_id`);

--
-- Chỉ mục cho bảng `orders`
--
ALTER TABLE `orders`
  ADD PRIMARY KEY (`order_id`),
  ADD KEY `user_id` (`user_id`),
  ADD KEY `payment_method_id` (`payment_method_id`);

--
-- Chỉ mục cho bảng `order_details`
--
ALTER TABLE `order_details`
  ADD PRIMARY KEY (`detail_id`),
  ADD KEY `order_id` (`order_id`),
  ADD KEY `product_id` (`product_id`);

--
-- Chỉ mục cho bảng `payment_methods`
--
ALTER TABLE `payment_methods`
  ADD PRIMARY KEY (`payment_method_id`);

--
-- Chỉ mục cho bảng `products`
--
ALTER TABLE `products`
  ADD PRIMARY KEY (`product_id`),
  ADD KEY `fk_products_brand` (`brand_id`);

--
-- Chỉ mục cho bảng `product_images`
--
ALTER TABLE `product_images`
  ADD PRIMARY KEY (`image_id`),
  ADD KEY `product_id` (`product_id`);

--
-- Chỉ mục cho bảng `purchase_orders`
--
ALTER TABLE `purchase_orders`
  ADD PRIMARY KEY (`purchase_id`),
  ADD UNIQUE KEY `purchase_code` (`purchase_code`),
  ADD KEY `supplier_id` (`supplier_id`);

--
-- Chỉ mục cho bảng `purchase_order_items`
--
ALTER TABLE `purchase_order_items`
  ADD PRIMARY KEY (`item_id`),
  ADD KEY `purchase_id` (`purchase_id`);

--
-- Chỉ mục cho bảng `suppliers`
--
ALTER TABLE `suppliers`
  ADD PRIMARY KEY (`supplier_id`);

--
-- Chỉ mục cho bảng `users_acc`
--
ALTER TABLE `users_acc`
  ADD PRIMARY KEY (`id`);

--
-- AUTO_INCREMENT cho các bảng đã đổ
--

--
-- AUTO_INCREMENT cho bảng `cart`
--
ALTER TABLE `cart`
  MODIFY `cart_id` int(11) NOT NULL AUTO_INCREMENT, AUTO_INCREMENT=18;

--
-- AUTO_INCREMENT cho bảng `cart_items`
--
ALTER TABLE `cart_items`
  MODIFY `cart_item_id` int(11) NOT NULL AUTO_INCREMENT, AUTO_INCREMENT=31;

--
-- AUTO_INCREMENT cho bảng `car_types`
--
ALTER TABLE `car_types`
  MODIFY `type_id` int(11) NOT NULL AUTO_INCREMENT, AUTO_INCREMENT=9;

--
-- AUTO_INCREMENT cho bảng `orders`
--
ALTER TABLE `orders`
  MODIFY `order_id` int(11) NOT NULL AUTO_INCREMENT, AUTO_INCREMENT=11;

--
-- AUTO_INCREMENT cho bảng `order_details`
--
ALTER TABLE `order_details`
  MODIFY `detail_id` int(11) NOT NULL AUTO_INCREMENT, AUTO_INCREMENT=14;

--
-- AUTO_INCREMENT cho bảng `payment_methods`
--
ALTER TABLE `payment_methods`
  MODIFY `payment_method_id` int(11) NOT NULL AUTO_INCREMENT, AUTO_INCREMENT=4;

--
-- AUTO_INCREMENT cho bảng `products`
--
ALTER TABLE `products`
  MODIFY `product_id` int(11) NOT NULL AUTO_INCREMENT, AUTO_INCREMENT=70;

--
-- AUTO_INCREMENT cho bảng `product_images`
--
ALTER TABLE `product_images`
  MODIFY `image_id` int(11) NOT NULL AUTO_INCREMENT, AUTO_INCREMENT=228;

--
-- AUTO_INCREMENT cho bảng `purchase_orders`
--
ALTER TABLE `purchase_orders`
  MODIFY `purchase_id` int(11) NOT NULL AUTO_INCREMENT, AUTO_INCREMENT=3;

--
-- AUTO_INCREMENT cho bảng `purchase_order_items`
--
ALTER TABLE `purchase_order_items`
  MODIFY `item_id` int(11) NOT NULL AUTO_INCREMENT, AUTO_INCREMENT=5;

--
-- AUTO_INCREMENT cho bảng `suppliers`
--
ALTER TABLE `suppliers`
  MODIFY `supplier_id` int(11) NOT NULL AUTO_INCREMENT, AUTO_INCREMENT=4;

--
-- AUTO_INCREMENT cho bảng `users_acc`
--
ALTER TABLE `users_acc`
  MODIFY `id` int(11) NOT NULL AUTO_INCREMENT, AUTO_INCREMENT=15;

--
-- Các ràng buộc cho các bảng đã đổ
--

--
-- Các ràng buộc cho bảng `cart`
--
ALTER TABLE `cart`
  ADD CONSTRAINT `fk_cart_user` FOREIGN KEY (`user_id`) REFERENCES `users_acc` (`id`) ON DELETE CASCADE ON UPDATE CASCADE;

--
-- Các ràng buộc cho bảng `cart_items`
--
ALTER TABLE `cart_items`
  ADD CONSTRAINT `cart_items_ibfk_1` FOREIGN KEY (`cart_id`) REFERENCES `cart` (`cart_id`) ON DELETE CASCADE ON UPDATE CASCADE,
  ADD CONSTRAINT `cart_items_ibfk_2` FOREIGN KEY (`product_id`) REFERENCES `products` (`product_id`) ON DELETE CASCADE ON UPDATE CASCADE;

--
-- Các ràng buộc cho bảng `orders`
--
ALTER TABLE `orders`
  ADD CONSTRAINT `orders_ibfk_1` FOREIGN KEY (`user_id`) REFERENCES `users_acc` (`id`) ON DELETE CASCADE ON UPDATE CASCADE,
  ADD CONSTRAINT `orders_ibfk_2` FOREIGN KEY (`payment_method_id`) REFERENCES `payment_methods` (`payment_method_id`) ON DELETE CASCADE ON UPDATE CASCADE;

--
-- Các ràng buộc cho bảng `order_details`
--
ALTER TABLE `order_details`
  ADD CONSTRAINT `order_details_ibfk_1` FOREIGN KEY (`order_id`) REFERENCES `orders` (`order_id`) ON DELETE CASCADE ON UPDATE CASCADE,
  ADD CONSTRAINT `order_details_ibfk_2` FOREIGN KEY (`product_id`) REFERENCES `products` (`product_id`) ON DELETE CASCADE ON UPDATE CASCADE;

--
-- Các ràng buộc cho bảng `products`
--
ALTER TABLE `products`
  ADD CONSTRAINT `fk_products_brand` FOREIGN KEY (`brand_id`) REFERENCES `car_types` (`type_id`) ON DELETE CASCADE ON UPDATE CASCADE;

--
-- Các ràng buộc cho bảng `product_images`
--
ALTER TABLE `product_images`
  ADD CONSTRAINT `product_images_ibfk_1` FOREIGN KEY (`product_id`) REFERENCES `products` (`product_id`) ON DELETE CASCADE ON UPDATE CASCADE;

--
-- Các ràng buộc cho bảng `purchase_orders`
--
ALTER TABLE `purchase_orders`
  ADD CONSTRAINT `purchase_orders_ibfk_1` FOREIGN KEY (`supplier_id`) REFERENCES `suppliers` (`supplier_id`);

--
-- Các ràng buộc cho bảng `purchase_order_items`
--
ALTER TABLE `purchase_order_items`
  ADD CONSTRAINT `purchase_order_items_ibfk_1` FOREIGN KEY (`purchase_id`) REFERENCES `purchase_orders` (`purchase_id`) ON DELETE CASCADE;
COMMIT;

/*!40101 SET CHARACTER_SET_CLIENT=@OLD_CHARACTER_SET_CLIENT */;
/*!40101 SET CHARACTER_SET_RESULTS=@OLD_CHARACTER_SET_RESULTS */;
/*!40101 SET COLLATION_CONNECTION=@OLD_COLLATION_CONNECTION */;
